StudentID,Number Class Attended,Previous Semester Score,Currently Working,Sleep Hours,Number of Practice Sets Solved
BITS0001,7,99,Yes,9,1
BITS0002,4,82,No,4,2
BITS0003,8,51,Yes,7,2
BITS0004,5,52,Yes,5,2
BITS0005,7,75,No,8,5
BITS0006,3,78,No,9,6
BITS0007,7,73,Yes,5,6
BITS0008,8,45,Yes,4,6
BITS0009,5,77,No,8,2
BITS0010,4,89,No,4,0
BITS0011,8,91,No,4,5
BITS0012,8,79,No,6,2
BITS0013,3,47,No,9,2
BITS0014,6,47,No,4,2
BITS0015,5,79,No,7,8
BITS0016,2,72,No,4,3
BITS0017,8,73,Yes,8,4
BITS0018,6,83,Yes,7,2
BITS0019,2,54,Yes,4,9
BITS0020,5,75,No,7,0
BITS0021,1,99,Yes,4,3
BITS0022,6,96,No,9,0
BITS0023,9,74,Yes,7,6
BITS0024,1,85,No,5,6
BITS0025,3,61,No,6,3
BITS0026,7,62,Yes,7,4
BITS0027,4,79,No,8,9
BITS0028,9,84,Yes,6,6
BITS0029,3,94,Yes,6,5
BITS0030,5,90,Yes,4,3
BITS0031,3,61,Yes,7,3
BITS0032,7,44,Yes,9,1
BITS0033,5,70,Yes,6,9
BITS0034,9,52,Yes,8,1
BITS0035,7,67,Yes,9,3
BITS0036,2,97,Yes,9,
BITS0037,4,59,No,8,3
BITS0038,9,72,No,8,2
BITS0039,2,55,Yes,4,1
BITS0040,,68,No,5,3
BITS0041,5,62,No,7,4
BITS0042,2,63,Yes,6,0
BITS0043,4,73,Yes,7,0
BITS0044,7,46,No,9,5
BITS0045,8,77,Yes,6,4
BITS0046,3,76,Yes,4,3
BITS0047,1,43,Yes,7,0
BITS0048,4,73,No,4,6
BITS0049,2,81,Yes,4,3
BITS0050,8,61,No,7,2
BITS0051,4,44,Yes,7,6
BITS0052,2,89,Yes,6,1
BITS0053,6,81,No,9,9
BITS0054,6,62,Yes,9,0
BITS0055,4,93,No,8,3
BITS0056,6,99,No,4,7
BITS0057,2,54,Yes,9,5
BITS0058,2,70,Yes,5,8
BITS0059,4,98,No,6,0
BITS0060,8,48,No,6,0
BITS0061,7,82,Yes,8,4
BITS0062,9,97,Yes,8,5
BITS0063,8,92,Yes,4,7
BITS0064,5,64,Yes,6,2
BITS0065,2,64,Yes,6,5
BITS0066,5,88,No,5,2
BITS0067,8,60,No,4,7
BITS0068,9,48,No,4,3
BITS0069,9,94,No,9,1
BITS0070,1,87,Yes,8,8
BITS0071,9,77,No,9,9
BITS0072,7,61,Yes,4,7
BITS0073,9,82,Yes,5,5
BITS0074,8,62,Yes,4,2
BITS0075,1,88,Yes,9,1
BITS0076,8,43,Yes,7,3
BITS0077,8,68,No,7,3
BITS0078,3,54,Yes,5,0
BITS0079,1,40,Yes,8,8
BITS0080,8,93,Yes,6,9
BITS0081,3,69,No,4,7
BITS0082,3,68,Yes,9,6
BITS0083,1,59,Yes,8,5
BITS0084,5,72,Yes,9,2
BITS0085,7,80,No,8,3
BITS0086,9,83,Yes,4,1
BITS0087,7,75,No,6,6
BITS0088,9,99,No,4,1
BITS0089,8,61,Yes,6,9
BITS0090,2,52,No,9,0
BITS0091,1,46,No,5,5
BITS0092,7,47,Yes,6,3
BITS0093,7,67,Yes,8,7
BITS0094,8,84,Yes,5,0
BITS0095,5,82,Yes,9,8
BITS0096,3,48,No,7,5
BITS0097,8,64,No,5,1
BITS0098,6,95,Yes,6,7
BITS0099,3,55,Yes,5,4
BITS0100,1,49,Yes,9,4
BITS0101,3,50,No,5,4
BITS0102,5,70,Yes,9,6
BITS0103,3,51,No,7,6
BITS0104,1,99,No,6,9
BITS0105,5,70,No,8,6
BITS0106,7,53,No,5,9
BITS0107,7,90,Yes,4,1
BITS0108,9,,Yes,8,7
BITS0109,3,71,Yes,5,0
BITS0110,7,89,No,8,1
BITS0111,1,92,No,4,6
BITS0112,4,56,Yes,8,3
BITS0113,4,74,No,8,9
BITS0114,5,40,No,4,9
BITS0115,7,68,No,4,8
BITS0116,7,90,Yes,4,8
BITS0117,4,43,Yes,7,2
BITS0118,7,62,Yes,9,2
BITS0119,3,67,No,9,8
BITS0120,6,55,Yes,4,9
BITS0121,2,51,Yes,9,7
BITS0122,9,92,Yes,8,0
BITS0123,5,60,No,4,5
BITS0124,6,84,No,5,6
BITS0125,4,56,No,4,7
BITS0126,7,79,No,4,1
BITS0127,9,52,No,9,0
BITS0128,7,91,Yes,6,3
BITS0129,1,97,Yes,8,0
BITS0130,1,71,No,9,1
BITS0131,9,76,No,8,2
BITS0132,9,89,Yes,5,3
BITS0133,4,54,No,7,5
BITS0134,9,51,No,6,7
BITS0135,3,88,No,5,8
BITS0136,7,96,No,5,3
BITS0137,6,54,No,8,0
BITS0138,8,73,Yes,6,4
BITS0139,9,45,Yes,8,4
BITS0140,5,56,No,7,8
BITS0141,1,87,No,8,5
BITS0142,3,88,Yes,4,4
BITS0143,8,96,No,8,9
BITS0144,6,59,Yes,4,9
BITS0145,8,48,No,5,4
BITS0146,9,98,Yes,7,7
BITS0147,4,44,Yes,9,0
BITS0148,1,62,No,4,4
BITS0149,1,72,No,7,0
BITS0150,4,77,Yes,8,6
BITS0151,7,95,No,9,6
BITS0152,2,53,Yes,8,9
BITS0153,3,56,No,5,7
BITS0154,1,96,No,8,6
BITS0155,5,58,No,4,8
BITS0156,1,72,Yes,5,7
BITS0157,8,40,Yes,7,7
BITS0158,1,52,No,5,2
BITS0159,1,85,Yes,7,9
BITS0160,2,66,No,6,3
BITS0161,2,45,Yes,4,3
BITS0162,6,98,No,4,0
BITS0163,7,45,Yes,7,5
BITS0164,5,72,Yes,8,1
BITS0165,1,69,Yes,9,8
BITS0166,1,85,Yes,8,0
BITS0167,3,74,Yes,6,0
BITS0168,2,62,Yes,7,9
BITS0169,5,49,No,6,5
BITS0170,6,90,No,7,0
BITS0171,7,58,Yes,6,2
BITS0172,4,90,No,7,9
BITS0173,7,67,Yes,4,1
BITS0174,8,62,No,6,8
BITS0175,1,43,No,6,4
BITS0176,6,59,No,7,5
BITS0177,8,58,No,5,1
BITS0178,5,81,Yes,5,7
BITS0179,4,66,No,4,5
BITS0180,2,96,No,8,7
BITS0181,6,73,No,8,7
BITS0182,6,43,Yes,4,0
BITS0183,1,95,No,8,6
BITS0184,9,77,Yes,9,1
BITS0185,6,46,Yes,9,7
BITS0186,3,87,No,9,1
BITS0187,4,46,Yes,9,3
BITS0188,4,89,No,7,1
BITS0189,3,91,No,5,6
BITS0190,3,65,No,4,4
BITS0191,3,65,No,7,8
BITS0192,4,93,No,9,4
BITS0193,7,58,No,4,7
BITS0194,4,48,No,5,1
BITS0195,9,59,Yes,8,2
BITS0196,1,81,Yes,7,5
BITS0197,8,84,No,5,6
BITS0198,7,89,No,4,9
BITS0199,2,55,Yes,6,7
BITS0200,8,93,No,7,2
BITS0201,1,56,Yes,4,6
BITS0202,9,61,Yes,4,7
BITS0203,9,52,No,5,9
BITS0204,2,51,No,4,5
BITS0205,7,49,Yes,7,3
BITS0206,3,40,Yes,9,5
BITS0207,7,71,No,7,8
BITS0208,9,69,No,4,2
BITS0209,4,47,Yes,5,1
BITS0210,1,60,Yes,7,4
BITS0211,2,61,Yes,6,6
BITS0212,1,57,No,9,2
BITS0213,5,41,No,8,4
BITS0214,5,87,No,5,3
BITS0215,7,83,Yes,5,6
BITS0216,9,48,Yes,8,1
BITS0217,9,42,No,8,6
BITS0218,3,93,Yes,7,1
BITS0219,3,65,Yes,4,2
BITS0220,3,60,Yes,4,4
BITS0221,4,69,Yes,6,6
BITS0222,8,67,Yes,9,5
BITS0223,6,75,No,4,6
BITS0224,8,65,No,6,5
BITS0225,1,73,No,6,0
BITS0226,8,47,No,5,4
BITS0227,4,49,No,5,0
BITS0228,1,87,Yes,9,6
BITS0229,8,94,Yes,7,3
BITS0230,4,82,Yes,8,4
BITS0231,6,89,No,8,0
BITS0232,8,93,Yes,9,7
BITS0233,4,53,Yes,6,3
BITS0234,3,79,Yes,9,2
BITS0235,9,94,No,8,0
BITS0236,3,54,Yes,6,3
BITS0237,9,56,Yes,8,2
BITS0238,2,92,No,7,7
BITS0239,2,57,No,5,8
BITS0240,2,71,Yes,5,4
BITS0241,6,77,No,6,8
BITS0242,3,62,Yes,9,0
BITS0243,9,85,No,8,6
BITS0244,4,62,Yes,4,6
BITS0245,1,74,Yes,7,5
BITS0246,4,78,No,8,3
BITS0247,1,54,No,4,8
BITS0248,5,92,No,7,2
BITS0249,4,63,No,7,0
BITS0250,8,67,Yes,5,1
BITS0251,8,55,No,6,2
BITS0252,7,,Yes,8,1
BITS0253,3,79,Yes,7,5
BITS0254,1,78,Yes,8,6
BITS0255,1,45,No,7,4
BITS0256,3,41,Yes,9,4
BITS0257,6,93,Yes,5,6
BITS0258,7,52,No,6,5
BITS0259,6,83,Yes,4,7
BITS0260,6,86,Yes,4,8
BITS0261,6,98,Yes,9,1
BITS0262,3,48,No,5,1
BITS0263,6,73,Yes,7,0
BITS0264,8,56,Yes,5,6
BITS0265,2,66,Yes,6,3
BITS0266,5,68,No,4,8
BITS0267,1,76,No,8,5
BITS0268,1,82,No,4,6
BITS0269,5,61,Yes,6,6
BITS0270,3,90,Yes,7,7
BITS0271,4,63,Yes,5,3
BITS0272,3,46,Yes,4,2
BITS0273,1,73,Yes,4,2
BITS0274,1,87,No,8,9
BITS0275,5,51,Yes,5,7
BITS0276,6,62,Yes,8,2
BITS0277,3,54,No,8,7
BITS0278,9,72,No,7,1
BITS0279,5,96,Yes,4,4
BITS0280,8,52,No,9,4
BITS0281,1,62,No,5,6
BITS0282,5,77,No,7,4
BITS0283,3,71,Yes,9,8
BITS0284,1,84,No,7,2
BITS0285,4,89,Yes,7,8
BITS0286,5,74,No,6,0
BITS0287,7,40,Yes,6,2
BITS0288,1,86,Yes,7,3
BITS0289,3,97,Yes,6,5
BITS0290,2,84,No,5,9
BITS0291,9,44,No,4,7
BITS0292,6,96,No,9,6
BITS0293,3,52,Yes,5,7
BITS0294,8,93,No,4,5
BITS0295,8,44,No,6,5
BITS0296,2,99,Yes,9,5
BITS0297,6,71,No,5,2
BITS0298,7,90,Yes,8,9
BITS0299,2,60,No,7,3
BITS0300,2,63,Yes,4,5
BITS0301,1,99,Yes,4,6
BITS0302,8,57,No,8,2
BITS0303,1,60,Yes,8,3
BITS0304,9,93,No,7,5
BITS0305,6,49,No,6,0
BITS0306,7,63,No,5,6
BITS0307,7,79,No,5,0
BITS0308,3,86,Yes,5,9
BITS0309,2,60,Yes,6,8
BITS0310,9,64,Yes,7,9
BITS0311,8,91,No,5,8
BITS0312,7,99,No,4,8
BITS0313,9,96,Yes,4,3
BITS0314,4,98,Yes,4,1
BITS0315,4,62,No,8,6
BITS0316,1,61,No,8,3
BITS0317,8,43,No,6,4
BITS0318,3,73,Yes,5,0
BITS0319,7,95,No,8,9
BITS0320,2,45,Yes,4,5
BITS0321,2,67,No,8,6
BITS0322,7,,Yes,4,2
BITS0323,6,74,No,5,9
BITS0324,3,78,Yes,6,1
BITS0325,9,81,Yes,7,9
BITS0326,6,62,Yes,7,6
BITS0327,6,45,No,4,0
BITS0328,1,55,Yes,8,1
BITS0329,4,41,Yes,8,2
BITS0330,6,63,No,4,3
BITS0331,6,56,Yes,5,4
BITS0332,5,84,Yes,4,3
BITS0333,1,40,No,5,9
BITS0334,8,45,Yes,6,2
BITS0335,5,44,No,6,0
BITS0336,5,96,Yes,4,6
BITS0337,7,84,No,6,9
BITS0338,4,99,Yes,8,5
BITS0339,6,94,Yes,5,1
BITS0340,4,89,Yes,7,1
BITS0341,3,68,No,7,2
BITS0342,7,51,Yes,6,7
BITS0343,8,78,Yes,5,7
BITS0344,4,86,No,8,9
BITS0345,2,42,No,7,9
BITS0346,3,87,No,8,9
BITS0347,1,40,Yes,8,9
BITS0348,8,66,Yes,7,7
BITS0349,3,87,Yes,7,6
BITS0350,7,63,No,6,1
BITS0351,5,83,No,5,0
BITS0352,5,58,Yes,4,5
BITS0353,7,98,Yes,5,7
BITS0354,9,47,No,4,0
BITS0355,5,94,No,7,2
BITS0356,1,83,No,8,0
BITS0357,1,86,Yes,5,9
BITS0358,2,41,No,8,8
BITS0359,6,69,No,5,6
BITS0360,9,69,No,9,7
BITS0361,8,88,No,5,8
BITS0362,5,78,Yes,8,2
BITS0363,1,84,No,9,9
BITS0364,7,71,Yes,6,1
BITS0365,5,40,Yes,7,5
BITS0366,6,77,No,6,4
BITS0367,7,52,No,6,3
BITS0368,3,50,Yes,5,5
BITS0369,3,49,No,7,5
BITS0370,5,87,Yes,9,2
BITS0371,6,98,No,5,1
BITS0372,9,65,Yes,4,8
BITS0373,5,95,Yes,5,7
BITS0374,1,94,Yes,9,3
BITS0375,4,59,No,8,5
BITS0376,5,56,Yes,5,2
BITS0377,5,56,Yes,4,7
BITS0378,7,43,No,5,2
BITS0379,4,44,No,9,1
BITS0380,1,99,Yes,4,6
BITS0381,5,62,Yes,7,2
BITS0382,7,85,No,9,8
BITS0383,6,91,Yes,5,2
BITS0384,5,49,No,4,7
BITS0385,4,85,No,9,1
BITS0386,2,67,No,7,8
BITS0387,4,72,Yes,8,0
BITS0388,3,82,No,6,2
BITS0389,1,65,Yes,4,1
BITS0390,8,94,Yes,8,6
BITS0391,5,89,No,7,4
BITS0392,4,87,No,8,7
BITS0393,8,68,No,5,1
BITS0394,7,66,No,6,7
BITS0395,2,57,Yes,4,6
BITS0396,1,79,Yes,9,4
BITS0397,4,99,No,7,1
BITS0398,8,49,Yes,6,9
BITS0399,2,97,No,7,6
BITS0400,3,81,Yes,8,9
BITS0401,1,44,Yes,7,3
BITS0402,1,49,Yes,7,3
BITS0403,3,89,No,8,7
BITS0404,5,60,Yes,8,5
BITS0405,3,63,Yes,6,8
BITS0406,1,77,Yes,4,1
BITS0407,1,42,Yes,8,4
BITS0408,8,79,No,6,5
BITS0409,2,70,Yes,7,7
BITS0410,3,80,No,7,3
BITS0411,2,76,No,9,6
BITS0412,3,41,Yes,5,6
BITS0413,7,41,Yes,8,3
BITS0414,1,78,No,6,0
BITS0415,8,88,No,9,2
BITS0416,2,81,No,6,1
BITS0417,3,83,Yes,4,2
BITS0418,9,73,Yes,9,4
BITS0419,7,81,No,6,0
BITS0420,4,59,No,8,4
BITS0421,5,72,No,6,1
BITS0422,2,43,Yes,5,3
BITS0423,8,84,Yes,7,5
BITS0424,4,83,No,7,8
BITS0425,9,50,Yes,9,9
BITS0426,5,81,No,6,5
BITS0427,9,86,Yes,6,9
BITS0428,4,44,No,6,1
BITS0429,5,64,Yes,6,7
BITS0430,9,88,Yes,5,4
BITS0431,8,99,Yes,8,8
BITS0432,3,76,Yes,5,9
BITS0433,1,73,Yes,5,8
BITS0434,3,48,Yes,5,3
BITS0435,4,45,Yes,7,0
BITS0436,2,57,No,5,8
BITS0437,1,53,No,6,8
BITS0438,7,58,No,5,7
BITS0439,8,53,Yes,6,4
BITS0440,,79,Yes,9,4
BITS0441,5,56,Yes,8,9
BITS0442,1,99,No,7,5
BITS0443,7,74,No,8,0
BITS0444,7,68,No,9,8
BITS0445,9,81,No,8,4
BITS0446,3,56,No,7,6
BITS0447,9,98,No,6,7
BITS0448,1,82,Yes,9,4
BITS0449,1,47,No,9,2
BITS0450,4,40,Yes,6,5
BITS0451,9,84,No,6,6
BITS0452,6,92,No,7,3
BITS0453,3,75,Yes,5,8
BITS0454,1,46,Yes,4,3
BITS0455,4,85,Yes,5,9
BITS0456,9,44,No,5,1
BITS0457,3,63,No,8,8
BITS0458,9,67,Yes,4,3
BITS0459,7,82,No,6,3
BITS0460,4,56,Yes,5,9
BITS0461,3,76,No,7,0
BITS0462,5,59,No,5,1
BITS0463,5,42,No,6,2
BITS0464,3,76,Yes,5,6
BITS0465,9,65,No,9,8
BITS0466,4,54,Yes,8,4
BITS0467,5,90,Yes,8,3
BITS0468,4,87,Yes,5,1
BITS0469,5,47,Yes,8,6
BITS0470,7,52,Yes,7,5
BITS0471,9,87,Yes,4,6
BITS0472,7,42,Yes,5,7
BITS0473,5,40,Yes,7,8
BITS0474,7,48,Yes,9,9
BITS0475,5,70,No,7,4
BITS0476,3,80,Yes,7,4
BITS0477,7,93,No,9,3
BITS0478,2,65,Yes,6,2
BITS0479,9,56,No,5,6
BITS0480,1,95,No,5,4
BITS0481,6,73,No,5,6
BITS0482,7,48,No,4,1
BITS0483,8,95,No,7,8
BITS0484,9,90,No,5,8
BITS0485,2,52,Yes,8,8
BITS0486,2,44,Yes,6,4
BITS0487,5,80,Yes,9,9
BITS0488,5,52,Yes,9,8
BITS0489,6,40,Yes,4,0
BITS0490,3,64,Yes,9,1
BITS0491,8,86,No,6,9
BITS0492,1,43,Yes,7,4
BITS0493,6,75,No,9,4
BITS0494,4,91,No,9,5
BITS0495,1,49,No,8,7
BITS0496,7,67,No,7,0
BITS0497,9,96,No,5,9
BITS0498,4,45,No,6,8
BITS0499,4,66,Yes,9,3
BITS0500,6,95,No,8,7
BITS0501,3,51,No,6,4
BITS0502,6,91,Yes,4,0
BITS0503,7,87,Yes,8,8
BITS0504,3,42,Yes,4,7
BITS0505,7,85,Yes,9,4
BITS0506,3,72,Yes,8,3
BITS0507,2,49,Yes,5,7
BITS0508,4,70,Yes,6,8
BITS0509,8,54,No,6,6
BITS0510,9,46,Yes,7,3
BITS0511,7,75,No,8,6
BITS0512,1,53,Yes,8,5
BITS0513,3,95,Yes,4,2
BITS0514,9,87,No,8,9
BITS0515,1,53,Yes,6,2
BITS0516,9,42,Yes,8,0
BITS0517,8,88,Yes,7,4
BITS0518,1,92,Yes,7,7
BITS0519,6,85,Yes,6,5
BITS0520,5,89,Yes,6,7
BITS0521,6,42,Yes,6,6
BITS0522,5,61,No,8,1
BITS0523,6,58,Yes,8,7
BITS0524,5,74,No,5,3
BITS0525,5,51,No,9,4
BITS0526,4,93,No,9,7
BITS0527,3,44,No,4,4
BITS0528,3,49,No,8,4
BITS0529,4,80,No,5,5
BITS0530,9,72,No,5,6
BITS0531,2,52,Yes,7,8
BITS0532,9,74,Yes,8,6
BITS0533,1,90,Yes,5,5
BITS0534,1,71,No,7,9
BITS0535,5,50,Yes,4,3
BITS0536,6,87,No,7,9
BITS0537,6,77,No,4,1
BITS0538,3,63,Yes,9,8
BITS0539,7,74,No,9,9
BITS0540,9,58,No,6,4
BITS0541,8,45,Yes,6,4
BITS0542,6,79,No,7,2
BITS0543,8,93,Yes,6,2
BITS0544,5,84,No,8,0
BITS0545,8,83,No,7,4
BITS0546,4,81,Yes,5,2
BITS0547,8,74,Yes,8,1
BITS0548,2,43,Yes,7,8
BITS0549,5,72,No,9,9
BITS0550,9,52,No,4,5
BITS0551,4,95,Yes,6,2
BITS0552,6,75,Yes,6,6
BITS0553,1,93,Yes,6,8
BITS0554,9,82,No,7,8
BITS0555,1,58,No,8,0
BITS0556,5,82,Yes,4,1
BITS0557,4,51,Yes,6,7
BITS0558,3,50,Yes,8,0
BITS0559,6,45,No,5,2
BITS0560,2,51,Yes,9,6
BITS0561,3,66,Yes,5,7
BITS0562,5,80,Yes,4,4
BITS0563,9,64,No,6,1
BITS0564,2,81,No,5,2
BITS0565,8,42,Yes,9,8
BITS0566,2,42,No,8,9
BITS0567,5,59,Yes,8,6
BITS0568,7,67,Yes,5,0
BITS0569,8,62,Yes,6,2
BITS0570,1,87,Yes,9,8
BITS0571,6,42,No,4,6
BITS0572,1,81,Yes,6,1
BITS0573,2,63,Yes,7,5
BITS0574,1,82,No,5,8
BITS0575,5,79,Yes,7,3
BITS0576,9,45,No,5,9
BITS0577,,59,Yes,4,1
BITS0578,1,50,Yes,6,2
BITS0579,1,71,Yes,9,6
BITS0580,2,99,Yes,6,3
BITS0581,9,66,No,5,6
BITS0582,3,60,Yes,8,4
BITS0583,,83,No,7,7
BITS0584,5,87,No,9,7
BITS0585,7,89,No,9,4
BITS0586,6,52,Yes,6,6
BITS0587,1,61,No,6,5
BITS0588,5,74,No,5,7
BITS0589,5,86,No,8,8
BITS0590,6,61,Yes,7,4
BITS0591,3,67,Yes,8,6
BITS0592,5,60,No,9,0
BITS0593,7,85,No,8,7
BITS0594,5,57,Yes,5,2
BITS0595,5,70,No,8,0
BITS0596,5,99,No,7,5
BITS0597,3,85,No,9,7
BITS0598,1,76,Yes,4,2
BITS0599,5,60,No,9,0
BITS0600,9,53,No,4,2
BITS0601,1,64,Yes,7,4
BITS0602,3,66,No,9,7
BITS0603,4,79,Yes,9,8
BITS0604,1,99,Yes,9,8
BITS0605,1,99,Yes,9,3
BITS0606,8,62,No,5,7
BITS0607,2,70,No,6,4
BITS0608,8,86,No,9,2
BITS0609,7,99,No,5,4
BITS0610,2,68,No,7,1
BITS0611,6,86,No,9,5
BITS0612,6,69,No,8,0
BITS0613,3,90,No,9,5
BITS0614,2,65,Yes,9,4
BITS0615,1,59,No,4,8
BITS0616,6,77,No,8,6
BITS0617,5,58,Yes,9,5
BITS0618,9,66,No,9,6
BITS0619,1,64,Yes,9,9
BITS0620,7,79,No,5,4
BITS0621,5,77,No,7,0
BITS0622,5,91,Yes,4,8
BITS0623,2,62,Yes,9,4
BITS0624,3,68,No,7,3
BITS0625,7,54,Yes,4,5
BITS0626,6,98,No,4,4
BITS0627,2,42,No,4,0
BITS0628,6,49,No,9,1
BITS0629,2,54,No,5,3
BITS0630,2,95,No,9,7
BITS0631,2,55,No,9,4
BITS0632,3,56,Yes,7,6
BITS0633,2,58,Yes,6,1
BITS0634,4,50,Yes,6,7
BITS0635,9,87,No,6,4
BITS0636,6,44,Yes,7,3
BITS0637,1,44,No,8,8
BITS0638,8,97,Yes,7,5
BITS0639,7,53,No,4,3
BITS0640,3,89,No,9,7
BITS0641,1,65,No,8,2
BITS0642,5,47,No,4,9
BITS0643,4,44,No,9,1
BITS0644,8,46,Yes,9,6
BITS0645,1,55,No,4,3
BITS0646,1,94,Yes,7,3
BITS0647,4,53,No,6,9
BITS0648,8,76,No,8,8
BITS0649,5,95,No,9,1
BITS0650,2,80,Yes,5,0
BITS0651,6,43,No,9,6
BITS0652,5,75,Yes,6,7
BITS0653,2,87,No,9,2
BITS0654,3,95,Yes,5,1
BITS0655,9,56,Yes,7,3
BITS0656,7,86,Yes,9,1
BITS0657,7,75,No,8,1
BITS0658,6,45,No,7,4
BITS0659,8,55,Yes,5,9
BITS0660,4,68,No,4,4
BITS0661,8,75,No,9,7
BITS0662,4,77,No,7,8
BITS0663,8,76,Yes,9,1
BITS0664,9,87,Yes,8,0
BITS0665,3,96,No,9,2
BITS0666,3,87,Yes,7,5
BITS0667,2,49,No,6,4
BITS0668,3,80,No,7,7
BITS0669,3,75,Yes,5,7
BITS0670,5,68,Yes,7,1
BITS0671,5,53,No,8,8
BITS0672,2,43,No,7,3
BITS0673,6,83,No,7,0
BITS0674,5,95,Yes,8,1
BITS0675,6,81,Yes,7,5
BITS0676,1,75,No,8,4
BITS0677,5,89,No,5,6
BITS0678,9,84,Yes,8,8
BITS0679,2,52,No,5,5
BITS0680,1,85,Yes,5,5
BITS0681,9,57,Yes,8,1
BITS0682,9,72,No,7,6
BITS0683,9,60,No,9,1
BITS0684,6,55,Yes,6,6
BITS0685,8,54,No,9,7
BITS0686,1,93,Yes,8,0
BITS0687,4,96,Yes,7,8
BITS0688,1,44,Yes,5,7
BITS0689,8,45,No,4,8
BITS0690,1,77,No,6,4
BITS0691,3,42,No,9,3
BITS0692,4,87,Yes,7,0
BITS0693,8,51,Yes,6,8
BITS0694,6,75,Yes,4,3
BITS0695,7,72,Yes,4,3
BITS0696,8,75,No,4,3
BITS0697,2,72,No,9,1
BITS0698,8,70,No,8,3
BITS0699,3,60,Yes,6,1
BITS0700,7,66,Yes,8,7
BITS0701,3,66,No,4,6
BITS0702,7,47,Yes,7,9
BITS0703,2,95,No,4,1
BITS0704,6,76,Yes,8,1
BITS0705,3,71,Yes,4,1
BITS0706,3,65,Yes,4,0
BITS0707,9,41,Yes,8,5
BITS0708,7,51,Yes,8,5
BITS0709,5,61,No,7,0
BITS0710,7,56,No,8,0
BITS0711,9,46,No,7,5
BITS0712,1,82,Yes,5,5
BITS0713,7,43,No,5,3
BITS0714,6,76,No,8,2
BITS0715,9,77,Yes,4,8
BITS0716,1,71,Yes,6,5
BITS0717,4,50,No,4,0
BITS0718,9,40,No,8,2
BITS0719,4,64,No,7,0
BITS0720,3,81,No,4,2
BITS0721,9,91,No,5,1
BITS0722,2,63,Yes,9,4
BITS0723,4,92,No,8,2
BITS0724,6,82,No,4,6
BITS0725,2,95,No,9,7
BITS0726,8,56,No,4,6
BITS0727,8,47,No,7,1
BITS0728,1,98,No,7,9
BITS0729,3,84,Yes,7,9
BITS0730,9,66,Yes,9,6
BITS0731,5,91,Yes,6,9
BITS0732,6,57,No,9,2
BITS0733,4,66,No,8,6
BITS0734,2,61,Yes,8,0
BITS0735,8,55,No,5,1
BITS0736,6,41,No,5,9
BITS0737,5,44,No,8,0
BITS0738,9,57,Yes,4,8
BITS0739,1,42,Yes,8,1
BITS0740,5,66,Yes,6,1
BITS0741,6,93,No,5,5
BITS0742,5,56,Yes,5,6
BITS0743,6,55,Yes,9,1
BITS0744,6,45,Yes,5,3
BITS0745,7,90,No,8,2
BITS0746,4,46,Yes,5,4
BITS0747,8,89,Yes,5,8
BITS0748,7,53,No,9,1
BITS0749,9,77,Yes,8,4
BITS0750,7,79,No,4,7
BITS0751,3,54,No,5,5
BITS0752,3,86,Yes,5,3
BITS0753,8,86,Yes,5,9
BITS0754,5,87,Yes,6,7
BITS0755,4,72,No,8,2
BITS0756,8,82,Yes,5,3
BITS0757,6,66,Yes,6,8
BITS0758,2,68,Yes,4,4
BITS0759,4,96,No,4,5
BITS0760,4,76,No,9,1
BITS0761,6,44,No,9,8
BITS0762,6,68,Yes,9,7
BITS0763,1,71,Yes,6,6
BITS0764,8,99,No,4,8
BITS0765,6,92,Yes,9,4
BITS0766,3,45,Yes,7,4
BITS0767,9,41,No,9,8
BITS0768,2,45,No,4,4
BITS0769,8,85,No,7,8
BITS0770,3,82,Yes,6,0
BITS0771,5,43,Yes,7,9
BITS0772,6,95,Yes,4,9
BITS0773,6,68,No,5,7
BITS0774,4,98,No,7,2
BITS0775,3,64,Yes,4,7
BITS0776,4,48,No,9,4
BITS0777,1,95,No,5,1
BITS0778,4,42,Yes,6,8
BITS0779,1,65,No,6,3
BITS0780,1,87,Yes,8,6
BITS0781,6,82,No,6,7
BITS0782,5,66,Yes,8,6
BITS0783,4,75,No,6,5
BITS0784,3,71,Yes,6,6
BITS0785,1,40,No,6,3
BITS0786,6,96,No,8,9
BITS0787,2,92,No,9,0
BITS0788,8,93,No,8,4
BITS0789,5,55,No,7,7
BITS0790,7,90,Yes,4,9
BITS0791,2,87,Yes,4,5
BITS0792,8,50,Yes,9,4
BITS0793,2,65,No,4,1
BITS0794,4,79,Yes,6,9
BITS0795,1,94,No,9,4
BITS0796,5,40,No,4,9
BITS0797,9,65,Yes,8,2
BITS0798,1,67,Yes,7,1
BITS0799,9,92,No,5,2
BITS0800,8,,No,7,3
BITS0801,6,48,Yes,4,1
BITS0802,7,99,Yes,9,3
BITS0803,3,98,No,4,3
BITS0804,1,83,No,8,5
BITS0805,5,61,Yes,7,4
BITS0806,2,47,No,8,6
BITS0807,5,97,No,8,6
BITS0808,8,88,Yes,5,2
BITS0809,9,81,Yes,8,8
BITS0810,2,66,No,8,6
BITS0811,3,78,No,5,6
BITS0812,3,58,Yes,6,1
BITS0813,1,64,No,6,9
BITS0814,8,77,Yes,9,2
BITS0815,6,60,No,5,2
BITS0816,8,63,Yes,9,5
BITS0817,9,63,No,9,3
BITS0818,5,99,No,8,3
BITS0819,3,99,No,9,0
BITS0820,5,58,Yes,4,5
BITS0821,5,89,Yes,7,7
BITS0822,5,86,Yes,4,7
BITS0823,3,41,No,4,7
BITS0824,4,53,No,8,4
BITS0825,9,92,Yes,7,9
BITS0826,9,71,Yes,9,5
BITS0827,2,81,No,7,4
BITS0828,8,71,No,9,3
BITS0829,8,67,No,6,3
BITS0830,7,87,No,5,3
BITS0831,8,78,Yes,8,3
BITS0832,3,79,Yes,9,5
BITS0833,6,81,No,9,5
BITS0834,1,86,No,7,4
BITS0835,7,79,No,8,8
BITS0836,1,52,Yes,9,7
BITS0837,9,51,Yes,6,9
BITS0838,1,47,No,4,5
BITS0839,1,54,No,9,8
BITS0840,7,65,No,7,4
BITS0841,2,51,No,6,9
BITS0842,5,82,No,8,3
BITS0843,8,90,No,9,5
BITS0844,8,85,Yes,6,3
BITS0845,3,66,Yes,6,7
BITS0846,7,57,Yes,6,6
BITS0847,3,84,No,6,4
BITS0848,6,75,No,6,9
BITS0849,6,88,No,6,5
BITS0850,3,90,Yes,5,6
BITS0851,7,66,No,8,1
BITS0852,3,48,Yes,4,8
BITS0853,8,94,No,8,6
BITS0854,4,78,No,7,7
BITS0855,1,40,No,7,4
BITS0856,4,46,Yes,8,2
BITS0857,7,65,Yes,6,1
BITS0858,4,46,Yes,5,1
BITS0859,6,91,No,4,2
BITS0860,9,46,Yes,9,0
BITS0861,1,47,No,9,0
BITS0862,5,55,No,6,6
BITS0863,7,42,Yes,8,9
BITS0864,1,84,Yes,9,7
BITS0865,4,49,No,8,5
BITS0866,6,89,No,5,6
BITS0867,2,46,No,5,0
BITS0868,5,60,No,8,0
BITS0869,1,92,Yes,6,8
BITS0870,6,76,Yes,6,4
BITS0871,6,70,Yes,6,6
BITS0872,4,62,No,9,5
BITS0873,8,96,No,4,3
BITS0874,4,66,No,4,0
BITS0875,8,95,Yes,6,3
BITS0876,8,61,No,8,9
BITS0877,5,78,No,5,9
BITS0878,4,96,Yes,7,7
BITS0879,2,66,Yes,5,0
BITS0880,3,93,No,5,1
BITS0881,3,88,Yes,7,7
BITS0882,4,43,No,6,1
BITS0883,4,63,Yes,5,9
BITS0884,5,62,No,7,8
BITS0885,4,87,Yes,9,2
BITS0886,8,58,Yes,8,2
BITS0887,6,81,Yes,8,5
BITS0888,6,42,Yes,8,2
BITS0889,8,66,No,6,8
BITS0890,7,42,No,5,7
BITS0891,8,67,Yes,5,3
BITS0892,2,56,No,4,5
BITS0893,9,70,Yes,8,7
BITS0894,1,49,Yes,6,3
BITS0895,8,88,No,7,4
BITS0896,4,61,No,6,6
BITS0897,4,69,No,5,7
BITS0898,5,88,No,8,6
BITS0899,8,60,No,4,7
BITS0900,5,75,No,9,3
BITS0901,8,92,No,6,0
BITS0902,1,62,Yes,4,5
BITS0903,9,77,No,5,4
BITS0904,6,51,Yes,7,3
BITS0905,3,64,No,6,1
BITS0906,8,93,No,9,0
BITS0907,9,96,Yes,5,8
BITS0908,6,59,Yes,8,1
BITS0909,7,88,Yes,6,8
BITS0910,1,88,Yes,4,5
BITS0911,5,81,No,6,5
BITS0912,5,46,No,5,1
BITS0913,4,68,Yes,5,5
BITS0914,6,87,Yes,4,2
BITS0915,7,68,No,9,6
BITS0916,9,52,No,5,9
BITS0917,1,42,Yes,6,3
BITS0918,6,41,No,9,8
BITS0919,7,55,No,4,4
BITS0920,3,69,Yes,5,9
BITS0921,8,77,Yes,5,2
BITS0922,5,45,Yes,6,0
BITS0923,9,84,Yes,5,0
BITS0924,5,46,No,6,3
BITS0925,9,44,Yes,8,9
BITS0926,4,95,No,9,9
BITS0927,9,46,No,6,3
BITS0928,5,73,No,7,8
BITS0929,9,71,No,5,7
BITS0930,3,88,Yes,8,3
BITS0931,4,52,No,9,5
BITS0932,9,69,Yes,4,6
BITS0933,6,64,No,7,9
BITS0934,2,60,Yes,4,7
BITS0935,7,99,No,7,3
BITS0936,2,98,No,8,0
BITS0937,2,60,Yes,9,4
BITS0938,1,67,Yes,8,0
BITS0939,3,87,Yes,8,3
BITS0940,6,97,Yes,7,6
BITS0941,8,59,No,6,6
BITS0942,9,73,No,9,0
BITS0943,7,44,No,4,8
BITS0944,4,57,No,6,1
BITS0945,6,99,No,6,4
BITS0946,5,78,Yes,5,5
BITS0947,8,82,Yes,4,0
BITS0948,1,96,No,7,1
BITS0949,1,96,Yes,5,6
BITS0950,6,50,No,5,5
BITS0951,2,93,No,8,5
BITS0952,5,56,Yes,7,5
BITS0953,1,87,No,,6
BITS0954,7,84,Yes,9,9
BITS0955,1,61,No,6,8
BITS0956,4,76,Yes,6,8
BITS0957,9,59,No,8,1
BITS0958,1,87,No,6,1
BITS0959,4,99,Yes,4,4
BITS0960,6,93,No,6,9
BITS0961,6,93,No,6,6
BITS0962,8,87,Yes,4,2
BITS0963,1,87,Yes,8,2
BITS0964,7,85,Yes,5,3
BITS0965,1,45,No,7,2
BITS0966,7,73,Yes,8,2
BITS0967,3,53,Yes,6,7
BITS0968,8,87,Yes,5,6
BITS0969,3,62,No,7,6
BITS0970,1,59,Yes,7,9
BITS0971,8,52,No,7,1
BITS0972,3,86,No,,8
BITS0973,2,83,Yes,4,5
BITS0974,1,80,No,5,2
BITS0975,3,71,No,6,8
BITS0976,2,65,No,5,8
BITS0977,2,89,No,6,5
BITS0978,6,92,No,8,9
BITS0979,1,53,Yes,7,5
BITS0980,2,91,Yes,7,7
BITS0981,6,96,Yes,4,7
BITS0982,3,75,No,8,5
BITS0983,4,47,Yes,9,6
BITS0984,1,79,No,8,3
BITS0985,8,61,No,6,0
BITS0986,7,61,No,8,3
BITS0987,7,55,No,4,7
BITS0988,3,66,Yes,6,7
BITS0989,3,95,No,5,1
BITS0990,2,99,Yes,6,6
BITS0991,1,99,Yes,5,0
BITS0992,7,49,No,9,1
BITS0993,7,64,Yes,6,7
BITS0994,2,70,Yes,7,9
BITS0995,7,60,Yes,9,3
BITS0996,8,66,No,5,2
BITS0997,1,56,No,4,1
BITS0998,9,72,No,9,5
BITS0999,7,70,Yes,9,3
BITS1000,3,89,Yes,9,2
BITS1001,8,81,No,5,2
BITS1002,7,65,No,5,9
BITS1003,8,60,Yes,6,2
BITS1004,6,75,No,7,7
BITS1005,9,40,No,9,8
BITS1006,5,43,Yes,6,8
BITS1007,3,43,Yes,6,4
BITS1008,3,65,No,7,0
BITS1009,1,43,No,6,9
BITS1010,8,88,No,7,4
BITS1011,2,48,No,4,0
BITS1012,3,69,Yes,7,8
BITS1013,8,90,No,8,9
BITS1014,8,84,No,7,7
BITS1015,4,43,Yes,7,6
BITS1016,4,44,Yes,8,1
BITS1017,5,84,Yes,7,1
BITS1018,6,62,Yes,5,3
BITS1019,5,55,Yes,6,8
BITS1020,7,61,Yes,6,8
BITS1021,2,76,Yes,4,7
BITS1022,7,47,No,4,4
BITS1023,7,87,No,8,6
BITS1024,1,72,Yes,5,8
BITS1025,7,94,No,4,2
BITS1026,5,99,No,6,3
BITS1027,3,77,Yes,4,1
BITS1028,3,82,Yes,4,8
BITS1029,4,55,Yes,7,6
BITS1030,2,44,Yes,4,5
BITS1031,2,55,Yes,8,4
BITS1032,1,46,No,6,6
BITS1033,5,90,No,8,2
BITS1034,4,40,Yes,8,4
BITS1035,2,48,Yes,9,1
BITS1036,3,57,No,5,4
BITS1037,7,84,No,9,6
BITS1038,7,97,No,9,9
BITS1039,4,86,Yes,7,6
BITS1040,5,42,Yes,8,8
BITS1041,5,63,No,5,2
BITS1042,6,67,Yes,6,7
BITS1043,9,49,No,6,4
BITS1044,2,48,Yes,5,6
BITS1045,5,52,Yes,8,0
BITS1046,3,87,No,8,0
BITS1047,4,74,No,7,3
BITS1048,6,93,Yes,7,4
BITS1049,8,62,No,9,9
BITS1050,1,86,Yes,6,2
BITS1051,8,56,No,7,5
BITS1052,7,85,No,5,2
BITS1053,1,46,Yes,6,4
BITS1054,2,91,Yes,8,0
BITS1055,3,55,Yes,6,2
BITS1056,1,92,No,4,6
BITS1057,,79,No,6,2
BITS1058,8,75,Yes,7,4
BITS1059,2,59,No,5,6
BITS1060,9,63,Yes,8,1
BITS1061,7,86,Yes,8,2
BITS1062,9,44,Yes,7,3
BITS1063,6,84,Yes,7,4
BITS1064,6,45,Yes,7,8
BITS1065,4,67,No,4,8
BITS1066,2,98,No,5,3
BITS1067,7,44,Yes,4,8
BITS1068,5,88,No,7,3
BITS1069,6,78,Yes,5,1
BITS1070,2,77,No,7,9
BITS1071,5,41,No,5,0
BITS1072,4,82,Yes,8,6
BITS1073,9,78,No,4,3
BITS1074,6,93,Yes,9,7
BITS1075,2,60,No,7,7
BITS1076,1,79,Yes,7,7
BITS1077,5,76,Yes,6,5
BITS1078,9,98,Yes,9,8
BITS1079,6,57,Yes,8,3
BITS1080,7,93,Yes,7,4
BITS1081,5,87,Yes,4,3
BITS1082,6,85,No,8,4
BITS1083,5,51,Yes,7,1
BITS1084,9,56,No,4,4
BITS1085,6,76,Yes,6,9
BITS1086,8,85,No,6,7
BITS1087,2,77,Yes,4,8
BITS1088,9,54,Yes,8,6
BITS1089,5,46,No,4,6
BITS1090,7,53,Yes,9,5
BITS1091,1,89,Yes,4,1
BITS1092,5,40,Yes,6,9
BITS1093,2,77,Yes,6,9
BITS1094,6,42,No,6,8
BITS1095,1,76,Yes,9,4
BITS1096,3,83,No,7,5
BITS1097,5,70,Yes,9,0
BITS1098,4,82,Yes,7,4
BITS1099,3,52,Yes,9,5
BITS1100,5,87,Yes,5,9
BITS1101,8,57,No,7,1
BITS1102,4,56,Yes,8,6
BITS1103,1,56,Yes,8,3
BITS1104,7,50,Yes,6,4
BITS1105,8,59,No,9,2
BITS1106,3,49,No,4,4
BITS1107,6,68,No,6,3
BITS1108,2,87,No,4,9
BITS1109,7,73,Yes,9,5
BITS1110,8,56,Yes,6,1
BITS1111,6,93,No,6,2
BITS1112,6,91,Yes,8,9
BITS1113,5,81,Yes,4,0
BITS1114,8,52,No,5,6
BITS1115,1,83,Yes,5,8
BITS1116,4,86,No,6,1
BITS1117,4,78,No,9,6
BITS1118,3,66,No,6,2
BITS1119,3,93,No,8,4
BITS1120,4,92,No,4,5
BITS1121,1,65,No,6,7
BITS1122,2,67,Yes,9,3
BITS1123,9,52,Yes,5,1
BITS1124,2,51,Yes,4,2
BITS1125,5,83,No,6,7
BITS1126,9,67,No,4,6
BITS1127,9,41,No,8,5
BITS1128,8,76,Yes,5,4
BITS1129,1,96,Yes,9,4
BITS1130,1,96,No,4,0
BITS1131,9,73,No,5,5
BITS1132,8,62,No,6,8
BITS1133,9,97,No,9,7
BITS1134,7,91,No,9,9
BITS1135,3,84,Yes,7,0
BITS1136,3,68,No,4,5
BITS1137,2,74,No,5,2
BITS1138,5,50,No,4,5
BITS1139,3,87,No,6,8
BITS1140,6,72,Yes,6,5
BITS1141,2,90,No,9,7
BITS1142,3,50,No,9,5
BITS1143,5,48,No,5,5
BITS1144,1,53,Yes,8,6
BITS1145,1,48,No,4,9
BITS1146,9,78,Yes,4,3
BITS1147,7,87,No,6,7
BITS1148,1,42,No,4,3
BITS1149,8,68,No,5,6
BITS1150,3,58,No,7,0
BITS1151,8,75,No,9,8
BITS1152,5,71,No,6,9
BITS1153,1,46,No,9,8
BITS1154,7,94,No,9,6
BITS1155,5,67,No,9,7
BITS1156,6,83,Yes,7,1
BITS1157,6,57,Yes,4,9
BITS1158,8,99,Yes,8,9
BITS1159,9,44,Yes,9,6
BITS1160,2,62,No,5,0
BITS1161,9,94,No,9,2
BITS1162,9,61,Yes,9,5
BITS1163,7,65,Yes,4,4
BITS1164,1,81,Yes,5,4
BITS1165,7,51,Yes,4,8
BITS1166,5,79,No,9,5
BITS1167,6,58,Yes,4,2
BITS1168,7,86,No,4,1
BITS1169,5,40,No,6,8
BITS1170,7,42,No,7,9
BITS1171,9,66,Yes,8,3
BITS1172,3,57,Yes,7,4
BITS1173,8,89,No,7,8
BITS1174,2,69,Yes,5,4
BITS1175,7,41,Yes,6,6
BITS1176,2,44,No,6,1
BITS1177,4,68,No,4,1
BITS1178,7,72,Yes,7,3
BITS1179,3,81,No,8,7
BITS1180,2,59,Yes,5,1
BITS1181,7,69,Yes,6,9
BITS1182,1,81,No,4,6
BITS1183,8,44,No,8,0
BITS1184,3,89,Yes,7,8
BITS1185,2,60,No,8,9
BITS1186,3,97,Yes,6,5
BITS1187,5,54,No,5,0
BITS1188,8,59,Yes,7,9
BITS1189,,47,No,5,5
BITS1190,7,88,Yes,9,4
BITS1191,7,70,Yes,8,4
BITS1192,8,51,No,8,4
BITS1193,1,60,Yes,4,3
BITS1194,4,69,Yes,7,6
BITS1195,6,66,Yes,8,8
BITS1196,9,83,Yes,6,3
BITS1197,2,65,Yes,9,1
BITS1198,1,72,No,6,1
BITS1199,2,65,Yes,5,1
BITS1200,7,65,Yes,9,6
BITS1201,3,75,Yes,9,3
BITS1202,2,79,No,6,3
BITS1203,7,40,No,8,0
BITS1204,2,98,Yes,6,3
BITS1205,3,54,Yes,7,5
BITS1206,7,89,No,5,1
BITS1207,4,40,No,9,3
BITS1208,1,50,Yes,7,6
BITS1209,5,94,No,8,8
BITS1210,9,41,Yes,8,1
BITS1211,8,40,Yes,6,7
BITS1212,9,70,Yes,4,5
BITS1213,9,83,No,9,7
BITS1214,7,55,Yes,9,1
BITS1215,4,93,Yes,4,0
BITS1216,5,61,No,8,6
BITS1217,1,81,Yes,8,8
BITS1218,1,57,Yes,9,8
BITS1219,3,86,Yes,5,1
BITS1220,8,56,No,9,3
BITS1221,2,69,No,8,0
BITS1222,4,49,Yes,8,6
BITS1223,2,74,No,5,1
BITS1224,5,97,Yes,7,3
BITS1225,9,60,Yes,7,1
BITS1226,1,55,No,5,0
BITS1227,5,45,No,5,6
BITS1228,9,42,Yes,7,5
BITS1229,1,80,No,7,1
BITS1230,9,82,No,7,3
BITS1231,8,60,No,7,2
BITS1232,4,52,Yes,9,2
BITS1233,5,57,Yes,9,2
BITS1234,5,97,No,6,3
BITS1235,6,93,Yes,5,0
BITS1236,7,99,Yes,4,0
BITS1237,8,63,No,6,6
BITS1238,8,66,Yes,4,4
BITS1239,2,93,No,4,2
BITS1240,9,43,Yes,8,8
BITS1241,7,61,Yes,5,4
BITS1242,4,63,No,9,9
BITS1243,4,79,Yes,6,2
BITS1244,8,84,No,5,8
BITS1245,4,49,Yes,7,0
BITS1246,6,41,Yes,5,8
BITS1247,5,79,Yes,4,4
BITS1248,3,45,No,9,5
BITS1249,2,87,Yes,7,1
BITS1250,9,57,Yes,5,7
BITS1251,9,56,No,5,2
BITS1252,1,77,No,9,0
BITS1253,3,84,Yes,4,6
BITS1254,8,62,No,7,2
BITS1255,6,85,No,4,3
BITS1256,5,69,No,9,4
BITS1257,5,97,No,5,0
BITS1258,6,60,Yes,6,8
BITS1259,7,49,No,6,6
BITS1260,1,95,Yes,8,1
BITS1261,9,82,Yes,6,0
BITS1262,3,52,Yes,9,1
BITS1263,4,51,No,9,2
BITS1264,1,48,No,9,2
BITS1265,3,43,Yes,7,7
BITS1266,2,78,Yes,8,4
BITS1267,2,63,No,7,8
BITS1268,1,93,No,6,2
BITS1269,8,73,Yes,6,5
BITS1270,3,78,No,5,3
BITS1271,3,80,No,7,7
BITS1272,6,44,Yes,4,0
BITS1273,8,54,No,5,3
BITS1274,9,89,No,7,6
BITS1275,9,43,Yes,9,8
BITS1276,4,90,No,8,0
BITS1277,5,91,Yes,7,7
BITS1278,2,97,No,8,1
BITS1279,9,78,Yes,8,3
BITS1280,8,97,No,6,3
BITS1281,3,47,Yes,4,7
BITS1282,9,88,No,7,1
BITS1283,3,84,No,4,6
BITS1284,9,63,No,8,2
BITS1285,2,92,Yes,6,8
BITS1286,9,67,No,4,4
BITS1287,8,94,Yes,5,7
BITS1288,9,82,No,8,4
BITS1289,5,66,No,5,0
BITS1290,2,40,No,9,8
BITS1291,8,73,No,4,9
BITS1292,6,56,No,4,6
BITS1293,8,76,No,4,3
BITS1294,5,77,Yes,9,6
BITS1295,2,65,Yes,7,4
BITS1296,6,96,No,8,9
BITS1297,5,63,No,8,8
BITS1298,5,78,No,8,1
BITS1299,1,99,No,7,3
BITS1300,2,60,No,4,5
BITS1301,8,69,Yes,4,4
BITS1302,3,86,No,9,0
BITS1303,3,90,No,5,8
BITS1304,8,87,Yes,7,8
BITS1305,8,96,Yes,6,2
BITS1306,2,52,Yes,7,3
BITS1307,8,76,No,9,3
BITS1308,1,42,No,5,9
BITS1309,6,71,No,5,7
BITS1310,8,74,No,5,5
BITS1311,3,58,No,4,1
BITS1312,8,53,Yes,6,3
BITS1313,1,87,No,5,0
BITS1314,9,61,No,8,2
BITS1315,9,56,No,4,3
BITS1316,5,,Yes,6,7
BITS1317,4,43,No,8,2
BITS1318,6,84,No,6,4
BITS1319,7,79,No,9,0
BITS1320,5,58,No,6,3
BITS1321,9,76,Yes,8,1
BITS1322,3,41,Yes,7,3
BITS1323,7,54,Yes,6,4
BITS1324,5,41,No,7,2
BITS1325,7,50,Yes,6,5
BITS1326,2,84,Yes,9,1
BITS1327,4,62,No,8,4
BITS1328,2,49,No,6,3
BITS1329,7,42,Yes,5,4
BITS1330,2,44,Yes,9,8
BITS1331,1,42,Yes,5,5
BITS1332,9,77,Yes,9,6
BITS1333,1,52,No,9,7
BITS1334,8,81,No,6,8
BITS1335,2,58,Yes,8,4
BITS1336,8,79,Yes,8,7
BITS1337,3,89,Yes,4,1
BITS1338,6,74,No,8,9
BITS1339,3,63,No,7,8
BITS1340,7,63,No,6,1
BITS1341,9,56,Yes,5,4
BITS1342,2,79,No,8,5
BITS1343,5,49,Yes,5,3
BITS1344,6,41,Yes,4,7
BITS1345,4,83,No,6,9
BITS1346,4,62,Yes,8,2
BITS1347,4,45,No,5,4
BITS1348,2,41,No,9,1
BITS1349,4,60,Yes,8,2
BITS1350,1,94,Yes,4,7
BITS1351,6,95,No,9,4
BITS1352,1,74,No,5,2
BITS1353,6,88,No,5,4
BITS1354,1,68,No,6,8
BITS1355,6,46,No,6,2
BITS1356,8,68,No,5,9
BITS1357,2,92,No,9,6
BITS1358,2,76,Yes,6,7
BITS1359,4,62,No,5,4
BITS1360,3,72,Yes,9,2
BITS1361,4,47,Yes,7,5
BITS1362,7,51,No,8,2
BITS1363,1,85,No,7,8
BITS1364,6,87,No,7,1
BITS1365,3,49,No,8,2
BITS1366,7,54,No,5,6
BITS1367,2,92,Yes,5,9
BITS1368,2,63,Yes,6,7
BITS1369,4,65,No,4,4
BITS1370,1,86,No,5,4
BITS1371,3,81,No,8,4
BITS1372,9,92,No,4,3
BITS1373,7,99,Yes,8,8
BITS1374,7,78,Yes,8,5
BITS1375,4,97,Yes,8,7
BITS1376,2,42,No,4,7
BITS1377,4,41,No,7,4
BITS1378,6,45,No,9,8
BITS1379,3,60,Yes,8,1
BITS1380,1,48,Yes,6,7
BITS1381,8,49,Yes,5,2
BITS1382,5,75,No,9,6
BITS1383,5,98,Yes,5,8
BITS1384,4,42,No,5,4
BITS1385,6,80,Yes,4,7
BITS1386,3,63,No,6,3
BITS1387,9,61,No,6,0
BITS1388,5,88,No,9,0
BITS1389,3,53,No,6,5
BITS1390,1,81,Yes,6,7
BITS1391,6,84,Yes,6,9
BITS1392,2,83,Yes,9,1
BITS1393,3,66,No,7,3
BITS1394,1,72,Yes,6,2
BITS1395,9,99,No,6,8
BITS1396,8,61,Yes,4,2
BITS1397,2,68,Yes,4,7
BITS1398,8,58,No,6,6
BITS1399,9,58,No,7,0
BITS1400,1,45,No,6,7
BITS1401,5,84,Yes,6,8
BITS1402,8,58,No,6,7
BITS1403,2,52,Yes,8,9
BITS1404,4,98,Yes,7,9
BITS1405,7,65,Yes,5,0
BITS1406,3,61,No,6,6
BITS1407,5,60,Yes,5,8
BITS1408,8,75,No,7,4
BITS1409,3,95,No,6,1
BITS1410,4,41,Yes,5,7
BITS1411,9,86,Yes,9,8
BITS1412,7,83,Yes,5,6
BITS1413,1,69,Yes,7,4
BITS1414,4,66,No,6,7
BITS1415,4,46,No,8,5
BITS1416,9,59,No,7,3
BITS1417,6,89,No,8,0
BITS1418,9,70,No,6,5
BITS1419,6,62,No,5,7
BITS1420,6,52,No,9,2
BITS1421,5,56,No,9,6
BITS1422,5,43,No,7,6
BITS1423,2,96,Yes,7,8
BITS1424,8,53,Yes,7,0
BITS1425,8,59,No,4,4
BITS1426,1,99,No,9,7
BITS1427,8,52,Yes,9,2
BITS1428,5,42,Yes,6,4
BITS1429,2,65,Yes,4,0
BITS1430,2,65,No,7,8
BITS1431,6,57,Yes,7,3
BITS1432,9,71,Yes,8,4
BITS1433,1,53,Yes,4,2
BITS1434,6,86,Yes,5,1
BITS1435,9,42,Yes,9,6
BITS1436,8,40,No,6,4
BITS1437,6,65,Yes,5,9
BITS1438,3,63,No,5,2
BITS1439,8,88,Yes,6,1
BITS1440,9,74,Yes,7,9
BITS1441,1,53,Yes,9,5
BITS1442,9,42,Yes,8,9
BITS1443,6,52,Yes,7,5
BITS1444,6,86,No,7,2
BITS1445,4,89,No,4,8
BITS1446,1,53,No,5,0
BITS1447,8,60,No,5,2
BITS1448,2,65,No,9,0
BITS1449,1,42,No,5,6
BITS1450,2,90,No,8,1
BITS1451,1,79,Yes,8,3
BITS1452,1,43,No,8,3
BITS1453,9,75,Yes,6,7
BITS1454,1,90,Yes,9,3
BITS1455,4,82,No,8,2
BITS1456,6,40,Yes,4,9
BITS1457,7,79,Yes,4,2
BITS1458,2,86,No,7,4
BITS1459,6,72,Yes,7,5
BITS1460,7,46,No,9,6
BITS1461,2,92,Yes,7,4
BITS1462,2,91,No,7,6
BITS1463,7,91,Yes,4,3
BITS1464,1,95,No,7,4
BITS1465,8,50,Yes,4,5
BITS1466,3,66,No,8,8
BITS1467,6,53,Yes,8,5
BITS1468,9,61,Yes,9,9
BITS1469,6,55,No,6,0
BITS1470,9,85,Yes,7,6
BITS1471,7,51,No,8,2
BITS1472,9,88,Yes,8,5
BITS1473,2,85,Yes,9,1
BITS1474,8,49,No,5,6
BITS1475,8,63,Yes,5,0
BITS1476,2,85,No,9,1
BITS1477,4,57,Yes,4,8
BITS1478,7,61,Yes,6,8
BITS1479,4,48,Yes,9,6
BITS1480,4,56,Yes,5,1
BITS1481,6,77,No,6,4
BITS1482,6,79,No,8,3
BITS1483,3,97,Yes,9,1
BITS1484,9,52,Yes,4,1
BITS1485,2,89,No,6,9
BITS1486,6,76,Yes,5,7
BITS1487,7,45,No,8,4
BITS1488,9,60,Yes,9,7
BITS1489,3,90,Yes,7,1
BITS1490,3,75,No,8,1
BITS1491,7,46,Yes,5,2
BITS1492,4,75,No,9,9
BITS1493,8,64,No,5,7
BITS1494,7,50,No,7,7
BITS1495,5,83,No,8,2
BITS1496,7,53,No,6,0
BITS1497,3,84,No,6,6
BITS1498,2,68,Yes,8,3
BITS1499,6,49,No,6,2
BITS1500,2,89,No,9,4
BITS1501,3,87,Yes,8,5
BITS1502,6,44,No,8,0
BITS1503,5,47,Yes,5,8
BITS1504,8,85,No,4,5
BITS1505,9,44,No,5,2
BITS1506,3,97,No,6,0
BITS1507,3,99,Yes,4,8
BITS1508,3,63,Yes,8,1
BITS1509,6,79,No,6,9
BITS1510,1,96,No,7,5
BITS1511,7,65,Yes,6,5
BITS1512,1,45,Yes,4,2
BITS1513,5,55,Yes,4,5
BITS1514,,99,No,8,1
BITS1515,4,75,Yes,9,7
BITS1516,5,51,Yes,7,0
BITS1517,4,50,Yes,8,5
BITS1518,4,42,Yes,7,0
BITS1519,8,83,Yes,7,8
BITS1520,2,76,Yes,8,8
BITS1521,1,45,Yes,6,5
BITS1522,3,58,No,5,5
BITS1523,9,57,Yes,7,8
BITS1524,4,55,No,4,4
BITS1525,5,62,No,8,8
BITS1526,2,82,Yes,9,4
BITS1527,4,76,No,6,3
BITS1528,2,48,No,7,1
BITS1529,2,42,Yes,9,1
BITS1530,4,47,No,6,0
BITS1531,6,77,Yes,8,9
BITS1532,7,43,Yes,9,2
BITS1533,3,51,Yes,4,0
BITS1534,3,83,Yes,7,5
BITS1535,6,70,Yes,7,6
BITS1536,3,64,Yes,9,8
BITS1537,2,92,Yes,6,6
BITS1538,8,55,No,8,3
BITS1539,5,81,Yes,5,3
BITS1540,1,93,No,7,7
BITS1541,3,53,Yes,4,3
BITS1542,8,52,Yes,7,0
BITS1543,4,80,Yes,7,8
BITS1544,7,46,No,5,2
BITS1545,2,51,No,5,0
BITS1546,7,76,No,8,8
BITS1547,5,89,No,7,9
BITS1548,5,43,No,7,9
BITS1549,6,41,No,6,4
BITS1550,9,74,Yes,6,8
BITS1551,6,97,Yes,9,2
BITS1552,8,83,No,9,5
BITS1553,7,42,No,4,6
BITS1554,9,43,No,4,4
BITS1555,4,77,No,6,7
BITS1556,2,51,No,9,9
BITS1557,7,58,Yes,4,5
BITS1558,6,49,Yes,7,5
BITS1559,1,40,Yes,9,6
BITS1560,9,56,Yes,5,7
BITS1561,9,55,Yes,9,1
BITS1562,2,48,Yes,7,6
BITS1563,3,96,Yes,6,8
BITS1564,5,92,Yes,8,0
BITS1565,5,48,No,8,0
BITS1566,1,98,No,6,6
BITS1567,8,94,Yes,7,4
BITS1568,8,48,Yes,4,0
BITS1569,4,51,Yes,9,0
BITS1570,7,94,No,9,1
BITS1571,3,80,No,4,9
BITS1572,6,54,Yes,8,8
BITS1573,9,41,No,6,2
BITS1574,1,50,Yes,6,8
BITS1575,5,50,Yes,5,5
BITS1576,4,47,Yes,8,9
BITS1577,8,94,Yes,6,5
BITS1578,1,71,Yes,5,6
BITS1579,9,45,No,4,9
BITS1580,6,92,Yes,8,7
BITS1581,4,59,Yes,8,2
BITS1582,9,78,Yes,6,7
BITS1583,5,74,Yes,6,5
BITS1584,5,47,No,7,5
BITS1585,5,89,Yes,4,2
BITS1586,1,88,Yes,4,5
BITS1587,1,82,No,9,7
BITS1588,8,73,Yes,5,6
BITS1589,8,96,Yes,5,9
BITS1590,6,92,Yes,7,9
BITS1591,4,98,Yes,9,6
BITS1592,2,95,No,4,2
BITS1593,2,58,Yes,5,9
BITS1594,9,46,Yes,4,2
BITS1595,5,70,No,4,4
BITS1596,4,57,Yes,9,4
BITS1597,1,79,Yes,5,8
BITS1598,7,53,No,6,8
BITS1599,3,78,Yes,6,9
BITS1600,6,99,No,9,4
BITS1601,5,92,Yes,5,4
BITS1602,5,99,No,7,5
BITS1603,5,98,Yes,8,7
BITS1604,1,75,Yes,9,5
BITS1605,1,56,No,4,5
BITS1606,3,76,Yes,9,8
BITS1607,4,83,No,8,0
BITS1608,5,48,No,9,3
BITS1609,2,97,No,5,9
BITS1610,8,59,No,4,9
BITS1611,2,84,Yes,8,1
BITS1612,9,96,No,6,8
BITS1613,2,67,Yes,7,2
BITS1614,9,89,Yes,9,9
BITS1615,7,59,No,9,1
BITS1616,8,80,No,8,7
BITS1617,2,75,Yes,7,3
BITS1618,7,92,No,9,1
BITS1619,6,66,Yes,6,3
BITS1620,4,47,No,8,6
BITS1621,7,71,Yes,5,6
BITS1622,4,40,Yes,4,0
BITS1623,2,56,No,6,0
BITS1624,7,96,Yes,7,2
BITS1625,8,48,Yes,7,1
BITS1626,2,59,No,6,2
BITS1627,5,84,No,5,3
BITS1628,1,71,No,9,6
BITS1629,7,41,No,5,1
BITS1630,8,71,No,9,6
BITS1631,6,84,Yes,9,4
BITS1632,5,48,Yes,7,7
BITS1633,6,69,No,9,7
BITS1634,2,59,Yes,6,4
BITS1635,1,77,Yes,9,9
BITS1636,7,99,Yes,6,7
BITS1637,7,40,Yes,4,8
BITS1638,2,99,Yes,7,6
BITS1639,2,96,No,5,5
BITS1640,1,44,No,8,6
BITS1641,8,74,Yes,5,6
BITS1642,8,75,Yes,5,2
BITS1643,1,40,No,8,5
BITS1644,8,53,No,7,5
BITS1645,9,48,No,9,8
BITS1646,4,69,No,4,0
BITS1647,1,63,Yes,5,6
BITS1648,1,43,No,9,0
BITS1649,3,89,No,5,9
BITS1650,5,53,Yes,7,3
BITS1651,5,64,No,7,6
BITS1652,9,43,No,6,5
BITS1653,2,64,No,7,5
BITS1654,2,49,No,7,4
BITS1655,6,74,No,5,6
BITS1656,9,94,Yes,4,8
BITS1657,1,46,Yes,5,5
BITS1658,9,81,Yes,9,9
BITS1659,9,52,Yes,7,6
BITS1660,9,43,Yes,6,8
BITS1661,5,89,No,4,6
BITS1662,9,82,No,6,5
BITS1663,4,96,No,8,2
BITS1664,2,75,No,6,0
BITS1665,6,95,No,6,9
BITS1666,4,53,No,9,8
BITS1667,6,57,No,7,6
BITS1668,3,47,No,9,2
BITS1669,6,71,No,7,9
BITS1670,2,66,No,9,8
BITS1671,2,81,No,7,2
BITS1672,9,76,No,7,2
BITS1673,7,62,No,7,6
BITS1674,3,46,Yes,6,1
BITS1675,1,51,No,8,9
BITS1676,8,64,Yes,7,6
BITS1677,6,42,No,8,6
BITS1678,7,65,No,8,0
BITS1679,9,43,No,5,9
BITS1680,5,81,Yes,5,1
BITS1681,1,75,Yes,4,4
BITS1682,7,54,No,9,3
BITS1683,5,71,No,5,2
BITS1684,3,68,No,7,9
BITS1685,9,49,No,8,7
BITS1686,1,60,Yes,9,6
BITS1687,1,93,Yes,4,8
BITS1688,1,55,No,5,2
BITS1689,3,86,Yes,6,9
BITS1690,6,58,Yes,9,0
BITS1691,3,68,No,4,8
BITS1692,8,91,No,7,8
BITS1693,2,90,No,9,0
BITS1694,9,57,Yes,8,7
BITS1695,3,97,No,7,9
BITS1696,5,83,Yes,7,0
BITS1697,8,96,No,9,5
BITS1698,2,55,No,6,8
BITS1699,6,40,Yes,6,2
BITS1700,5,87,Yes,9,5
BITS1701,9,41,Yes,9,2
BITS1702,5,95,Yes,9,4
BITS1703,2,54,Yes,8,6
BITS1704,5,78,Yes,5,9
BITS1705,4,67,No,7,3
BITS1706,7,40,Yes,9,3
BITS1707,6,44,Yes,5,6
BITS1708,2,81,No,8,4
BITS1709,5,61,Yes,7,0
BITS1710,7,92,Yes,5,9
BITS1711,7,75,No,7,1
BITS1712,5,85,No,6,5
BITS1713,9,52,No,9,8
BITS1714,4,40,Yes,6,6
BITS1715,3,55,No,4,3
BITS1716,4,94,Yes,8,1
BITS1717,5,80,No,9,3
BITS1718,6,61,Yes,5,4
BITS1719,3,71,No,7,1
BITS1720,2,55,No,4,0
BITS1721,4,90,No,8,3
BITS1722,5,54,Yes,8,5
BITS1723,4,97,Yes,8,0
BITS1724,3,85,No,5,0
BITS1725,8,91,No,9,8
BITS1726,4,81,No,6,4
BITS1727,2,92,No,4,1
BITS1728,2,51,Yes,5,1
BITS1729,1,99,No,7,3
BITS1730,4,40,No,5,1
BITS1731,9,92,Yes,7,3
BITS1732,7,56,,7,5
BITS1733,7,80,No,8,6
BITS1734,7,94,No,5,5
BITS1735,8,90,Yes,6,3
BITS1736,1,96,Yes,7,9
BITS1737,8,89,No,8,2
BITS1738,4,67,Yes,6,3
BITS1739,4,46,Yes,5,4
BITS1740,4,48,No,6,3
BITS1741,6,61,No,5,2
BITS1742,7,65,Yes,7,0
BITS1743,6,92,No,4,2
BITS1744,1,51,No,4,4
BITS1745,8,46,No,9,5
BITS1746,7,85,No,9,3
BITS1747,6,86,No,7,0
BITS1748,6,54,Yes,6,9
BITS1749,5,77,Yes,5,6
BITS1750,6,60,No,4,8
BITS1751,9,53,No,5,5
BITS1752,9,41,No,7,5
BITS1753,8,47,Yes,6,8
BITS1754,9,84,Yes,5,3
BITS1755,8,94,Yes,6,4
BITS1756,8,45,Yes,4,4
BITS1757,1,76,No,5,4
BITS1758,5,76,No,8,7
BITS1759,4,96,Yes,4,0
BITS1760,2,72,Yes,6,9
BITS1761,8,80,,7,9
BITS1762,3,45,No,8,2
BITS1763,4,91,No,9,7
BITS1764,7,65,No,5,8
BITS1765,9,78,No,9,1
BITS1766,2,80,Yes,4,3
BITS1767,3,76,No,5,7
BITS1768,4,53,Yes,5,4
BITS1769,1,76,Yes,8,0
BITS1770,7,47,No,8,5
BITS1771,2,78,Yes,8,8
BITS1772,5,52,Yes,8,8
BITS1773,1,52,No,7,0
BITS1774,3,79,Yes,6,3
BITS1775,2,82,No,8,0
BITS1776,1,67,No,4,6
BITS1777,7,97,Yes,5,2
BITS1778,5,57,No,9,1
BITS1779,1,96,No,8,7
BITS1780,6,58,Yes,4,8
BITS1781,5,77,No,7,6
BITS1782,3,71,Yes,4,5
BITS1783,7,61,Yes,9,9
BITS1784,9,41,No,9,5
BITS1785,9,99,Yes,4,8
BITS1786,9,52,No,7,4
BITS1787,2,62,Yes,9,4
BITS1788,3,64,No,7,1
BITS1789,7,67,No,5,5
BITS1790,5,97,Yes,8,5
BITS1791,2,50,Yes,9,5
BITS1792,3,72,No,4,3
BITS1793,6,63,No,6,6
BITS1794,7,41,Yes,6,8
BITS1795,9,69,No,5,0
BITS1796,1,56,No,6,2
BITS1797,7,79,Yes,5,9
BITS1798,8,73,Yes,8,8
BITS1799,3,77,No,5,4
BITS1800,4,61,Yes,7,5
BITS1801,6,44,Yes,7,7
BITS1802,7,87,No,7,8
BITS1803,4,79,Yes,9,7
BITS1804,8,90,Yes,7,2
BITS1805,5,55,No,7,9
BITS1806,1,52,Yes,7,0
BITS1807,4,65,No,7,4
BITS1808,3,70,Yes,9,6
BITS1809,9,91,Yes,7,1
BITS1810,8,78,No,7,0
BITS1811,1,87,Yes,8,3
BITS1812,6,62,Yes,9,2
BITS1813,9,87,Yes,7,3
BITS1814,7,51,Yes,5,0
BITS1815,4,53,Yes,8,1
BITS1816,1,95,Yes,9,0
BITS1817,2,57,No,6,2
BITS1818,5,66,Yes,4,3
BITS1819,5,67,Yes,9,0
BITS1820,8,57,No,8,5
BITS1821,6,55,No,7,1
BITS1822,8,91,No,8,9
BITS1823,2,55,Yes,4,4
BITS1824,3,52,No,4,7
BITS1825,6,97,No,9,3
BITS1826,3,68,Yes,7,4
BITS1827,6,48,No,7,8
BITS1828,6,65,Yes,5,1
BITS1829,2,67,Yes,4,1
BITS1830,7,80,Yes,7,5
BITS1831,2,52,Yes,4,5
BITS1832,6,75,Yes,5,2
BITS1833,1,48,No,6,8
BITS1834,3,86,Yes,4,0
BITS1835,2,53,No,5,2
BITS1836,7,90,Yes,5,7
BITS1837,4,51,No,5,7
BITS1838,8,92,Yes,8,3
BITS1839,6,97,Yes,9,7
BITS1840,4,96,Yes,7,9
BITS1841,5,71,No,4,7
BITS1842,9,77,No,9,0
BITS1843,7,42,No,8,2
BITS1844,9,97,Yes,4,0
BITS1845,7,96,Yes,9,1
BITS1846,1,93,No,8,3
BITS1847,8,91,Yes,7,2
BITS1848,4,55,No,5,5
BITS1849,3,59,Yes,9,4
BITS1850,7,71,No,9,4
BITS1851,3,95,No,4,9
BITS1852,8,62,Yes,5,6
BITS1853,6,56,No,7,6
BITS1854,5,55,Yes,4,8
BITS1855,4,77,Yes,6,7
BITS1856,8,47,Yes,6,2
BITS1857,8,58,No,6,1
BITS1858,1,69,No,7,0
BITS1859,9,96,No,6,9
BITS1860,5,97,Yes,9,5
BITS1861,4,73,Yes,4,3
BITS1862,6,53,No,9,2
BITS1863,6,61,Yes,6,1
BITS1864,2,83,Yes,4,1
BITS1865,8,56,No,9,3
BITS1866,7,99,No,7,0
BITS1867,1,98,Yes,5,5
BITS1868,5,54,Yes,9,9
BITS1869,6,89,No,8,4
BITS1870,4,87,No,6,9
BITS1871,2,71,Yes,8,8
BITS1872,4,52,Yes,5,1
BITS1873,1,60,Yes,7,8
BITS1874,7,88,No,9,8
BITS1875,2,79,Yes,7,9
BITS1876,2,72,Yes,5,8
BITS1877,9,96,Yes,8,9
BITS1878,5,97,Yes,9,9
BITS1879,2,66,Yes,6,3
BITS1880,9,74,Yes,4,4
BITS1881,9,55,No,7,7
BITS1882,1,67,No,5,7
BITS1883,3,73,No,9,0
BITS1884,4,86,Yes,8,9
BITS1885,7,40,No,6,0
BITS1886,4,80,Yes,8,9
BITS1887,2,87,Yes,6,5
BITS1888,7,70,Yes,9,6
BITS1889,6,75,Yes,4,1
BITS1890,3,83,Yes,4,1
BITS1891,6,72,No,5,4
BITS1892,6,72,No,5,8
BITS1893,5,78,No,6,4
BITS1894,4,57,Yes,6,7
BITS1895,1,62,No,6,7
BITS1896,6,99,Yes,6,4
BITS1897,2,62,No,9,7
BITS1898,3,54,No,9,7
BITS1899,8,65,No,4,4
BITS1900,6,69,No,5,4
BITS1901,3,64,No,5,3
BITS1902,7,84,No,7,0
BITS1903,4,55,Yes,5,8
BITS1904,9,78,Yes,5,1
BITS1905,5,87,Yes,8,0
BITS1906,3,84,Yes,8,5
BITS1907,2,53,Yes,7,4
BITS1908,2,56,No,6,0
BITS1909,3,51,Yes,7,6
BITS1910,2,68,Yes,7,6
BITS1911,4,71,Yes,4,2
BITS1912,2,95,Yes,9,7
BITS1913,9,63,Yes,5,5
BITS1914,2,91,Yes,4,3
BITS1915,9,52,Yes,9,9
BITS1916,6,95,Yes,5,9
BITS1917,1,59,Yes,7,9
BITS1918,4,54,No,5,2
BITS1919,1,95,Yes,6,0
BITS1920,6,92,Yes,6,1
BITS1921,4,43,No,7,1
BITS1922,3,93,No,8,4
BITS1923,3,73,Yes,6,3
BITS1924,9,67,Yes,7,1
BITS1925,6,89,Yes,4,8
BITS1926,9,41,No,8,6
BITS1927,5,96,Yes,6,7
BITS1928,2,86,No,7,7
BITS1929,8,69,No,7,1
BITS1930,5,65,No,4,4
BITS1931,2,90,No,4,2
BITS1932,4,86,No,8,9
BITS1933,9,65,Yes,9,8
BITS1934,4,59,Yes,6,8
BITS1935,4,81,No,7,5
BITS1936,2,67,No,8,3
BITS1937,6,95,No,8,7
BITS1938,2,59,No,4,4
BITS1939,7,50,Yes,7,2
BITS1940,3,97,No,5,7
BITS1941,3,49,No,9,5
BITS1942,5,62,Yes,9,4
BITS1943,3,76,Yes,4,0
BITS1944,2,80,Yes,7,2
BITS1945,9,91,Yes,8,6
BITS1946,2,58,No,9,2
BITS1947,2,84,No,8,0
BITS1948,8,57,No,6,7
BITS1949,9,88,No,5,6
BITS1950,7,66,No,4,4
BITS1951,3,45,No,9,9
BITS1952,9,49,No,6,4
BITS1953,3,41,No,6,5
BITS1954,5,63,No,5,6
BITS1955,9,77,Yes,4,2
BITS1956,3,67,No,4,3
BITS1957,7,67,Yes,8,0
BITS1958,1,92,Yes,4,6
BITS1959,4,84,Yes,6,9
BITS1960,4,89,Yes,8,1
BITS1961,7,78,No,4,6
BITS1962,8,41,Yes,5,5
BITS1963,1,85,Yes,6,3
BITS1964,5,44,No,7,
BITS1965,7,89,Yes,5,6
BITS1966,4,50,No,5,6
BITS1967,4,49,No,4,4
BITS1968,4,82,No,8,8
BITS1969,6,98,No,8,2
BITS1970,7,41,Yes,6,8
BITS1971,2,54,No,4,4
BITS1972,5,78,Yes,8,1
BITS1973,4,80,Yes,9,8
BITS1974,3,76,No,7,0
BITS1975,7,46,Yes,9,0
BITS1976,6,59,No,4,6
BITS1977,7,73,Yes,4,2
BITS1978,5,74,Yes,8,7
BITS1979,6,73,Yes,5,6
BITS1980,5,92,Yes,4,6
BITS1981,7,61,No,5,0
BITS1982,2,70,No,6,0
BITS1983,5,62,Yes,6,1
BITS1984,6,58,Yes,8,1
BITS1985,6,43,Yes,6,4
BITS1986,5,63,Yes,9,8
BITS1987,7,59,No,9,6
BITS1988,8,78,Yes,9,1
BITS1989,7,67,Yes,8,4
BITS1990,5,93,Yes,8,4
BITS1991,1,78,No,9,7
BITS1992,5,56,Yes,5,8
BITS1993,2,58,No,9,7
BITS1994,5,93,No,5,1
BITS1995,5,87,Yes,6,3
BITS1996,2,74,Yes,5,1
BITS1997,5,71,Yes,4,5
BITS1998,4,86,No,7,3
BITS1999,1,85,No,4,6
BITS2000,3,86,Yes,4,1
BITS2001,1,85,No,8,8
BITS2002,5,78,Yes,7,4
BITS2003,4,96,Yes,8,0
BITS2004,7,74,Yes,5,2
BITS2005,5,69,Yes,9,3
BITS2006,4,56,Yes,5,2
BITS2007,2,81,Yes,7,5
BITS2008,4,86,No,6,5
BITS2009,2,68,No,5,9
BITS2010,8,45,No,4,6
BITS2011,3,99,Yes,7,8
BITS2012,9,56,Yes,7,9
BITS2013,4,56,Yes,5,8
BITS2014,6,53,No,5,6
BITS2015,5,63,Yes,8,0
BITS2016,1,96,No,8,2
BITS2017,9,89,Yes,4,4
BITS2018,1,96,No,7,9
BITS2019,8,76,Yes,6,5
BITS2020,9,79,Yes,6,5
BITS2021,,78,No,7,4
BITS2022,1,94,No,4,5
BITS2023,2,71,No,8,8
BITS2024,1,75,Yes,8,0
BITS2025,2,89,No,8,0
BITS2026,8,76,No,6,8
BITS2027,5,87,Yes,6,7
BITS2028,7,53,Yes,4,8
BITS2029,2,66,No,6,6
BITS2030,8,98,Yes,5,9
BITS2031,6,58,No,6,5
BITS2032,8,70,No,8,8
BITS2033,1,85,No,4,1
BITS2034,1,48,Yes,7,3
BITS2035,7,77,No,7,1
BITS2036,8,56,No,4,5
BITS2037,3,58,Yes,5,0
BITS2038,5,83,No,7,6
BITS2039,1,43,No,8,6
BITS2040,7,87,No,7,6
BITS2041,5,96,Yes,7,3
BITS2042,8,50,No,8,7
BITS2043,8,61,Yes,6,4
BITS2044,9,43,Yes,5,1
BITS2045,7,56,No,8,4
BITS2046,1,47,No,8,9
BITS2047,3,85,Yes,9,8
BITS2048,8,98,No,4,9
BITS2049,3,73,No,5,0
BITS2050,8,50,Yes,6,1
BITS2051,1,70,No,9,9
BITS2052,5,50,No,8,7
BITS2053,4,95,Yes,9,4
BITS2054,5,93,No,6,8
BITS2055,8,95,Yes,9,5
BITS2056,4,77,Yes,9,7
BITS2057,4,92,No,9,0
BITS2058,3,60,Yes,8,8
BITS2059,7,85,No,8,8
BITS2060,3,69,No,4,2
BITS2061,3,49,Yes,7,0
BITS2062,5,65,Yes,5,7
BITS2063,5,66,Yes,4,7
BITS2064,6,47,Yes,6,8
BITS2065,8,78,Yes,9,5
BITS2066,6,47,Yes,8,8
BITS2067,1,99,No,9,9
BITS2068,8,47,No,8,8
BITS2069,8,94,Yes,5,3
BITS2070,9,73,No,4,4
BITS2071,9,98,Yes,4,5
BITS2072,2,55,Yes,6,5
BITS2073,2,80,No,4,9
BITS2074,3,52,No,4,1
BITS2075,1,62,Yes,7,3
BITS2076,4,51,Yes,5,8
BITS2077,4,66,Yes,9,6
BITS2078,9,61,No,4,8
BITS2079,9,71,Yes,6,5
BITS2080,9,96,Yes,9,6
BITS2081,7,88,No,8,8
BITS2082,2,66,No,4,3
BITS2083,5,41,No,4,8
BITS2084,4,84,Yes,9,2
BITS2085,8,72,Yes,8,7
BITS2086,2,65,No,7,2
BITS2087,6,67,Yes,5,2
BITS2088,5,58,Yes,7,2
BITS2089,2,82,No,6,8
BITS2090,1,44,No,9,9
BITS2091,8,72,Yes,4,2
BITS2092,2,59,No,7,5
BITS2093,7,69,No,5,3
BITS2094,9,84,Yes,6,1
BITS2095,9,47,Yes,7,2
BITS2096,8,77,Yes,4,4
BITS2097,9,56,Yes,5,9
BITS2098,2,83,Yes,4,3
BITS2099,6,40,Yes,4,4
BITS2100,4,42,No,6,0
BITS2101,4,85,No,5,3
BITS2102,5,65,No,8,9
BITS2103,3,70,Yes,4,2
BITS2104,1,47,Yes,5,1
BITS2105,8,82,Yes,4,6
BITS2106,5,98,Yes,7,9
BITS2107,3,85,Yes,7,8
BITS2108,7,47,No,5,0
BITS2109,7,74,Yes,6,6
BITS2110,1,78,No,8,0
BITS2111,9,67,Yes,7,4
BITS2112,2,90,No,6,0
BITS2113,5,43,No,8,2
BITS2114,5,96,No,7,7
BITS2115,8,55,No,8,3
BITS2116,8,52,No,9,0
BITS2117,7,59,No,4,0
BITS2118,7,90,No,5,7
BITS2119,6,44,Yes,7,7
BITS2120,6,94,Yes,7,3
BITS2121,9,76,No,4,3
BITS2122,6,59,Yes,7,9
BITS2123,2,63,Yes,7,1
BITS2124,2,75,No,9,1
BITS2125,5,73,Yes,7,5
BITS2126,4,97,No,7,7
BITS2127,2,84,Yes,7,6
BITS2128,3,87,No,6,6
BITS2129,7,93,Yes,7,2
BITS2130,8,73,No,4,1
BITS2131,6,58,Yes,9,9
BITS2132,5,56,Yes,7,6
BITS2133,1,44,Yes,8,3
BITS2134,8,64,No,9,0
BITS2135,3,57,No,9,0
BITS2136,6,99,Yes,8,3
BITS2137,3,94,Yes,4,4
BITS2138,7,92,No,6,4
BITS2139,7,89,Yes,4,0
BITS2140,9,47,Yes,6,2
BITS2141,5,66,No,5,5
BITS2142,8,54,No,8,9
BITS2143,8,84,Yes,9,6
BITS2144,1,52,No,9,0
BITS2145,5,55,Yes,9,7
BITS2146,3,61,Yes,8,3
BITS2147,1,59,No,8,8
BITS2148,4,52,Yes,6,5
BITS2149,8,59,No,9,0
BITS2150,3,41,No,4,1
BITS2151,2,74,Yes,6,2
BITS2152,9,86,No,9,1
BITS2153,5,94,Yes,8,9
BITS2154,7,58,No,8,6
BITS2155,2,84,Yes,8,0
BITS2156,9,76,No,9,8
BITS2157,9,97,Yes,8,1
BITS2158,4,93,Yes,5,3
BITS2159,4,45,No,8,7
BITS2160,6,53,Yes,9,2
BITS2161,6,43,Yes,6,8
BITS2162,1,61,Yes,8,6
BITS2163,9,90,Yes,7,9
BITS2164,2,94,Yes,5,2
BITS2165,5,78,Yes,9,2
BITS2166,9,75,No,8,4
BITS2167,4,73,No,7,4
BITS2168,3,66,No,9,9
BITS2169,7,46,No,6,4
BITS2170,6,42,Yes,5,8
BITS2171,8,86,Yes,8,8
BITS2172,3,72,No,6,5
BITS2173,5,41,Yes,9,6
BITS2174,4,81,No,7,9
BITS2175,4,55,Yes,9,7
BITS2176,4,64,Yes,9,8
BITS2177,8,99,No,5,5
BITS2178,6,54,Yes,8,7
BITS2179,3,63,No,6,1
BITS2180,5,54,No,5,9
BITS2181,6,70,No,7,7
BITS2182,5,53,Yes,8,1
BITS2183,6,93,Yes,5,7
BITS2184,8,53,No,7,1
BITS2185,7,45,Yes,7,2
BITS2186,5,53,No,6,6
BITS2187,6,56,No,9,8
BITS2188,4,57,Yes,7,2
BITS2189,9,59,No,7,4
BITS2190,4,90,Yes,9,8
BITS2191,1,56,Yes,4,6
BITS2192,7,55,Yes,7,1
BITS2193,7,79,No,8,4
BITS2194,4,78,No,5,4
BITS2195,3,91,Yes,9,8
BITS2196,8,71,Yes,9,1
BITS2197,5,99,No,9,0
BITS2198,7,83,Yes,8,3
BITS2199,4,48,Yes,9,3
BITS2200,4,66,No,8,0
BITS2201,8,85,No,6,9
BITS2202,8,91,No,4,6
BITS2203,2,72,Yes,9,1
BITS2204,2,49,No,4,8
BITS2205,3,56,No,9,6
BITS2206,3,88,No,8,6
BITS2207,1,88,No,5,0
BITS2208,3,75,No,4,8
BITS2209,6,56,No,4,9
BITS2210,8,57,No,8,8
BITS2211,6,91,Yes,4,1
BITS2212,5,62,No,6,9
BITS2213,4,73,Yes,8,8
BITS2214,3,47,Yes,4,1
BITS2215,4,52,No,4,1
BITS2216,7,62,Yes,4,7
BITS2217,1,96,No,8,2
BITS2218,7,93,Yes,5,2
BITS2219,1,59,No,7,6
BITS2220,2,61,Yes,9,9
BITS2221,4,86,No,4,5
BITS2222,1,91,No,7,6
BITS2223,9,62,Yes,7,5
BITS2224,6,80,Yes,4,8
BITS2225,1,74,No,4,1
BITS2226,1,42,Yes,9,7
BITS2227,6,73,No,7,5
BITS2228,4,72,Yes,5,3
BITS2229,4,85,No,7,5
BITS2230,6,56,Yes,5,5
BITS2231,7,84,No,6,9
BITS2232,9,58,Yes,5,2
BITS2233,5,69,No,9,7
BITS2234,9,62,Yes,8,4
BITS2235,4,54,No,4,9
BITS2236,2,98,Yes,6,3
BITS2237,3,96,Yes,7,1
BITS2238,1,53,No,5,9
BITS2239,6,41,Yes,6,0
BITS2240,6,78,Yes,8,6
BITS2241,1,88,No,5,9
BITS2242,3,57,No,9,2
BITS2243,5,45,No,7,2
BITS2244,3,98,No,7,2
BITS2245,3,71,Yes,5,9
BITS2246,3,60,Yes,8,2
BITS2247,5,79,Yes,4,1
BITS2248,5,67,No,4,5
BITS2249,4,66,Yes,7,9
BITS2250,,41,Yes,8,2
BITS2251,5,72,No,7,0
BITS2252,5,55,Yes,4,9
BITS2253,4,78,Yes,7,8
BITS2254,6,61,No,5,5
BITS2255,4,95,Yes,9,5
BITS2256,7,82,No,5,9
BITS2257,7,86,No,9,8
BITS2258,2,52,Yes,8,1
BITS2259,3,95,Yes,4,9
BITS2260,1,41,Yes,8,8
BITS2261,8,53,No,8,2
BITS2262,9,95,No,4,2
BITS2263,4,77,Yes,6,2
BITS2264,6,80,Yes,6,0
BITS2265,9,67,No,7,9
BITS2266,6,46,Yes,6,6
BITS2267,9,57,Yes,5,9
BITS2268,4,95,No,9,6
BITS2269,8,80,Yes,8,1
BITS2270,9,94,Yes,7,5
BITS2271,4,75,Yes,8,3
BITS2272,5,80,Yes,4,6
BITS2273,8,75,No,6,6
BITS2274,6,83,No,4,3
BITS2275,7,43,No,7,2
BITS2276,3,96,No,9,6
BITS2277,7,69,Yes,5,8
BITS2278,8,63,Yes,6,3
BITS2279,6,59,Yes,4,5
BITS2280,9,85,Yes,9,6
BITS2281,6,95,No,6,9
BITS2282,9,70,Yes,8,2
BITS2283,4,63,Yes,5,4
BITS2284,8,46,No,9,0
BITS2285,4,65,No,6,5
BITS2286,2,52,No,5,4
BITS2287,9,93,Yes,9,6
BITS2288,5,47,No,8,8
BITS2289,4,94,Yes,8,3
BITS2290,2,44,Yes,4,8
BITS2291,1,83,No,7,5
BITS2292,7,52,No,4,4
BITS2293,6,68,No,5,1
BITS2294,2,59,Yes,4,0
BITS2295,8,53,Yes,9,7
BITS2296,4,71,Yes,6,5
BITS2297,8,99,No,9,6
BITS2298,7,89,Yes,4,5
BITS2299,5,66,Yes,7,9
BITS2300,8,95,Yes,9,6
BITS2301,9,64,Yes,9,8
BITS2302,5,91,No,9,4
BITS2303,5,43,Yes,7,0
BITS2304,2,60,No,9,0
BITS2305,5,57,No,,8
BITS2306,3,78,Yes,8,4
BITS2307,7,54,Yes,7,1
BITS2308,5,92,No,5,2
BITS2309,8,77,Yes,7,0
BITS2310,1,87,No,7,5
BITS2311,3,91,Yes,8,5
BITS2312,3,63,Yes,6,2
BITS2313,9,47,No,5,2
BITS2314,5,67,Yes,7,6
BITS2315,9,60,No,7,0
BITS2316,9,55,No,4,4
BITS2317,1,99,Yes,9,2
BITS2318,2,93,No,6,4
BITS2319,5,55,Yes,8,3
BITS2320,4,74,Yes,5,5
BITS2321,9,56,Yes,7,8
BITS2322,7,48,No,9,1
BITS2323,6,96,Yes,5,9
BITS2324,7,74,Yes,8,7
BITS2325,1,91,No,6,1
BITS2326,1,68,No,4,3
BITS2327,8,78,No,6,8
BITS2328,2,57,No,4,3
BITS2329,9,51,Yes,5,6
BITS2330,7,58,Yes,6,4
BITS2331,6,87,Yes,6,1
BITS2332,1,61,Yes,6,7
BITS2333,1,98,No,8,9
BITS2334,2,95,No,5,9
BITS2335,6,88,Yes,4,1
BITS2336,6,91,No,6,2
BITS2337,2,54,No,5,9
BITS2338,1,40,No,9,6
BITS2339,5,41,No,8,4
BITS2340,5,47,No,8,9
BITS2341,2,61,Yes,9,2
BITS2342,6,64,Yes,5,1
BITS2343,9,41,No,4,5
BITS2344,2,90,No,5,9
BITS2345,2,48,Yes,5,0
BITS2346,3,48,Yes,7,7
BITS2347,7,52,No,8,4
BITS2348,6,45,No,4,4
BITS2349,8,69,No,7,1
BITS2350,8,54,Yes,9,6
BITS2351,6,90,No,5,4
BITS2352,3,92,No,9,7
BITS2353,3,54,No,8,4
BITS2354,1,89,No,7,8
BITS2355,7,46,No,7,4
BITS2356,5,97,No,4,2
BITS2357,4,50,No,5,1
BITS2358,4,79,No,4,4
BITS2359,4,77,Yes,7,9
BITS2360,6,79,Yes,7,9
BITS2361,8,41,Yes,4,4
BITS2362,8,90,No,7,5
BITS2363,5,87,Yes,6,1
BITS2364,6,78,Yes,8,4
BITS2365,4,49,Yes,5,0
BITS2366,9,83,Yes,8,2
BITS2367,8,56,Yes,5,2
BITS2368,1,46,No,7,2
BITS2369,2,93,Yes,4,2
BITS2370,9,79,No,4,7
BITS2371,8,78,No,7,0
BITS2372,3,43,Yes,5,5
BITS2373,8,74,No,7,5
BITS2374,1,90,Yes,5,0
BITS2375,4,86,No,7,0
BITS2376,3,75,No,7,2
BITS2377,6,70,Yes,7,7
BITS2378,7,64,No,4,5
BITS2379,4,80,No,5,3
BITS2380,7,52,No,9,4
BITS2381,9,57,No,7,9
BITS2382,2,60,No,8,2
BITS2383,3,87,No,8,5
BITS2384,5,40,No,4,5
BITS2385,3,75,No,6,5
BITS2386,8,89,Yes,9,8
BITS2387,8,47,No,4,9
BITS2388,8,91,Yes,6,7
BITS2389,9,87,Yes,4,5
BITS2390,4,60,No,8,1
BITS2391,5,82,No,7,3
BITS2392,5,91,Yes,5,5
BITS2393,8,92,Yes,7,8
BITS2394,7,92,Yes,8,1
BITS2395,9,60,No,5,5
BITS2396,8,66,No,6,9
BITS2397,2,58,No,6,9
BITS2398,4,62,Yes,8,9
BITS2399,6,90,No,5,6
BITS2400,2,89,No,7,7
BITS2401,7,90,No,8,8
BITS2402,3,82,No,6,4
BITS2403,3,74,Yes,8,8
BITS2404,2,79,No,7,8
BITS2405,8,91,No,4,6
BITS2406,6,90,Yes,9,1
BITS2407,1,81,No,9,7
BITS2408,1,87,Yes,9,4
BITS2409,7,44,Yes,4,7
BITS2410,8,91,No,7,1
BITS2411,5,80,Yes,5,6
BITS2412,5,47,No,8,4
BITS2413,4,50,Yes,7,3
BITS2414,6,55,Yes,4,9
BITS2415,6,78,No,6,5
BITS2416,3,86,Yes,9,4
BITS2417,9,63,No,9,5
BITS2418,7,60,No,7,8
BITS2419,1,91,No,9,0
BITS2420,7,62,No,9,0
BITS2421,5,88,Yes,7,5
BITS2422,5,77,No,7,1
BITS2423,2,86,Yes,4,7
BITS2424,4,47,No,4,6
BITS2425,6,46,Yes,9,5
BITS2426,7,41,Yes,7,3
BITS2427,5,69,Yes,7,8
BITS2428,9,52,Yes,9,6
BITS2429,3,62,No,5,6
BITS2430,1,68,No,6,4
BITS2431,4,77,Yes,8,0
BITS2432,9,76,Yes,8,1
BITS2433,4,59,No,9,7
BITS2434,2,72,Yes,8,4
BITS2435,5,68,Yes,4,1
BITS2436,3,89,No,4,4
BITS2437,9,54,Yes,5,7
BITS2438,4,62,Yes,9,3
BITS2439,6,81,No,4,2
BITS2440,2,42,Yes,9,4
BITS2441,6,76,No,9,6
BITS2442,3,95,No,7,1
BITS2443,9,68,No,6,0
BITS2444,2,84,No,6,4
BITS2445,9,47,Yes,9,6
BITS2446,5,61,No,6,7
BITS2447,8,92,No,6,7
BITS2448,2,68,Yes,8,9
BITS2449,6,41,No,8,8
BITS2450,3,80,Yes,7,0
BITS2451,5,88,No,5,6
BITS2452,8,98,No,4,9
BITS2453,1,89,No,4,7
BITS2454,5,84,No,8,5
BITS2455,3,40,Yes,9,9
BITS2456,4,83,Yes,6,3
BITS2457,2,59,Yes,7,6
BITS2458,9,91,No,5,2
BITS2459,3,60,No,8,1
BITS2460,2,76,No,9,5
BITS2461,9,47,Yes,7,1
BITS2462,7,66,No,9,5
BITS2463,6,86,Yes,7,9
BITS2464,1,98,Yes,8,2
BITS2465,5,74,Yes,7,1
BITS2466,3,45,No,6,7
BITS2467,1,99,No,7,3
BITS2468,4,84,No,5,3
BITS2469,2,83,No,7,6
BITS2470,2,58,Yes,4,7
BITS2471,3,57,Yes,7,8
BITS2472,8,95,No,9,9
BITS2473,8,40,No,8,7
BITS2474,7,64,No,4,3
BITS2475,6,66,Yes,8,1
BITS2476,9,46,No,9,9
BITS2477,4,83,Yes,5,4
BITS2478,1,81,Yes,6,6
BITS2479,8,68,Yes,5,1
BITS2480,7,70,Yes,4,3
BITS2481,7,83,Yes,9,5
BITS2482,3,82,Yes,9,7
BITS2483,4,75,Yes,6,9
BITS2484,9,58,No,7,5
BITS2485,6,45,No,4,5
BITS2486,5,64,No,6,5
BITS2487,3,70,Yes,8,3
BITS2488,9,48,Yes,6,2
BITS2489,5,59,No,8,0
BITS2490,5,49,Yes,8,1
BITS2491,4,76,Yes,9,1
BITS2492,4,66,Yes,6,9
BITS2493,1,52,Yes,9,6
BITS2494,7,80,Yes,9,5
BITS2495,9,41,Yes,5,7
BITS2496,3,89,Yes,5,8
BITS2497,2,60,Yes,9,4
BITS2498,3,72,Yes,9,2
BITS2499,1,63,Yes,8,3
BITS2500,6,92,Yes,9,7
BITS2501,7,83,Yes,4,2
BITS2502,2,81,No,6,1
BITS2503,8,73,Yes,4,6
BITS2504,6,99,Yes,5,3
BITS2505,4,48,No,4,7
BITS2506,5,41,No,7,0
BITS2507,8,94,No,7,7
BITS2508,3,95,Yes,5,4
BITS2509,3,69,Yes,4,1
BITS2510,4,61,No,6,0
BITS2511,1,85,No,5,5
BITS2512,9,50,No,7,8
BITS2513,8,94,Yes,5,8
BITS2514,8,82,Yes,4,8
BITS2515,6,56,No,4,3
BITS2516,7,75,Yes,4,5
BITS2517,6,52,Yes,8,9
BITS2518,9,46,No,4,5
BITS2519,3,55,No,9,4
BITS2520,3,72,No,7,1
BITS2521,3,84,Yes,7,6
BITS2522,3,40,Yes,8,0
BITS2523,9,50,Yes,7,5
BITS2524,4,45,Yes,7,4
BITS2525,7,59,Yes,5,4
BITS2526,9,74,No,4,7
BITS2527,7,83,Yes,9,8
BITS2528,9,76,Yes,9,6
BITS2529,3,80,No,5,9
BITS2530,4,65,No,9,7
BITS2531,8,97,No,5,1
BITS2532,6,51,No,9,1
BITS2533,5,69,Yes,7,7
BITS2534,4,67,Yes,6,5
BITS2535,8,66,No,4,7
BITS2536,1,81,Yes,6,8
BITS2537,9,58,No,7,8
BITS2538,1,44,Yes,8,5
BITS2539,8,97,Yes,5,7
BITS2540,4,44,Yes,9,1
BITS2541,9,80,No,9,7
BITS2542,5,66,No,7,2
BITS2543,3,67,Yes,9,0
BITS2544,9,65,Yes,7,6
BITS2545,9,66,No,6,0
BITS2546,4,91,No,8,
BITS2547,4,88,Yes,5,0
BITS2548,8,81,Yes,9,3
BITS2549,2,60,No,8,3
BITS2550,9,40,Yes,8,9
BITS2551,6,93,No,8,5
BITS2552,9,67,No,4,9
BITS2553,8,87,Yes,8,2
BITS2554,7,97,Yes,7,9
BITS2555,1,97,Yes,4,5
BITS2556,3,54,No,4,6
BITS2557,2,94,No,8,0
BITS2558,5,56,No,9,5
BITS2559,5,65,Yes,9,9
BITS2560,5,59,Yes,9,0
BITS2561,4,64,No,9,6
BITS2562,5,52,No,7,9
BITS2563,3,72,Yes,9,4
BITS2564,1,64,No,5,9
BITS2565,5,47,Yes,8,3
BITS2566,9,44,Yes,4,0
BITS2567,9,45,No,5,8
BITS2568,4,62,No,9,6
BITS2569,3,91,No,5,1
BITS2570,1,69,No,4,3
BITS2571,2,53,No,9,3
BITS2572,8,93,Yes,5,7
BITS2573,1,62,No,7,1
BITS2574,8,50,Yes,7,4
BITS2575,7,70,No,8,9
BITS2576,8,45,No,8,7
BITS2577,6,50,No,5,5
BITS2578,9,52,No,4,3
BITS2579,3,51,No,7,4
BITS2580,4,93,No,6,1
BITS2581,6,41,Yes,8,4
BITS2582,8,92,No,7,2
BITS2583,5,74,No,9,2
BITS2584,3,94,No,5,6
BITS2585,6,75,No,7,2
BITS2586,4,56,Yes,7,3
BITS2587,9,67,Yes,5,6
BITS2588,3,67,Yes,8,2
BITS2589,4,61,Yes,8,9
BITS2590,7,77,Yes,6,9
BITS2591,7,46,Yes,6,1
BITS2592,4,54,No,8,9
BITS2593,,71,No,8,6
BITS2594,3,50,Yes,8,4
BITS2595,6,63,No,8,0
BITS2596,2,42,No,7,9
BITS2597,8,69,No,6,7
BITS2598,2,45,No,5,2
BITS2599,7,97,No,4,6
BITS2600,9,41,Yes,5,5
BITS2601,1,53,Yes,9,9
BITS2602,8,80,Yes,4,5
BITS2603,7,57,Yes,7,7
BITS2604,6,90,Yes,9,3
BITS2605,6,83,Yes,6,3
BITS2606,6,70,No,4,2
BITS2607,9,52,Yes,8,0
BITS2608,2,65,No,9,9
BITS2609,1,83,No,7,2
BITS2610,6,51,Yes,4,0
BITS2611,8,57,Yes,8,5
BITS2612,3,48,Yes,9,7
BITS2613,1,88,No,7,2
BITS2614,9,60,Yes,9,3
BITS2615,1,87,Yes,4,4
BITS2616,3,88,Yes,8,6
BITS2617,8,92,No,6,5
BITS2618,3,95,Yes,7,1
BITS2619,4,79,Yes,4,6
BITS2620,8,82,No,8,7
BITS2621,1,63,No,6,0
BITS2622,6,73,No,9,5
BITS2623,1,47,Yes,8,8
BITS2624,1,83,Yes,6,6
BITS2625,8,92,No,4,4
BITS2626,4,72,Yes,8,9
BITS2627,1,62,No,8,9
BITS2628,7,52,No,5,8
BITS2629,5,93,No,7,1
BITS2630,5,92,No,8,6
BITS2631,1,88,No,6,8
BITS2632,6,53,Yes,7,1
BITS2633,9,53,Yes,4,9
BITS2634,9,55,Yes,7,5
BITS2635,8,88,Yes,5,8
BITS2636,5,77,No,4,2
BITS2637,1,97,Yes,8,7
BITS2638,9,99,No,9,4
BITS2639,1,78,No,4,6
BITS2640,8,65,Yes,4,2
BITS2641,5,65,Yes,5,7
BITS2642,3,40,No,6,1
BITS2643,7,71,Yes,4,7
BITS2644,7,96,Yes,6,1
BITS2645,9,54,Yes,7,6
BITS2646,7,91,Yes,9,1
BITS2647,3,60,No,5,6
BITS2648,1,57,No,8,0
BITS2649,8,69,Yes,4,5
BITS2650,3,99,No,9,9
BITS2651,8,97,No,9,6
BITS2652,8,52,Yes,6,3
BITS2653,5,63,Yes,4,0
BITS2654,1,69,No,9,5
BITS2655,7,41,No,5,3
BITS2656,5,58,No,8,2
BITS2657,8,86,Yes,7,3
BITS2658,9,83,No,7,5
BITS2659,7,86,No,6,4
BITS2660,7,64,Yes,9,1
BITS2661,1,89,No,7,1
BITS2662,4,53,Yes,6,2
BITS2663,2,45,Yes,8,5
BITS2664,2,51,No,4,0
BITS2665,2,59,Yes,5,6
BITS2666,4,62,Yes,8,7
BITS2667,1,69,No,8,6
BITS2668,4,69,Yes,7,2
BITS2669,2,77,No,7,5
BITS2670,5,97,Yes,5,3
BITS2671,3,69,Yes,4,4
BITS2672,8,80,No,8,2
BITS2673,4,69,No,9,4
BITS2674,1,96,No,7,5
BITS2675,1,97,Yes,8,7
BITS2676,3,75,No,4,5
BITS2677,9,88,Yes,6,8
BITS2678,7,73,No,4,9
BITS2679,2,55,Yes,8,
BITS2680,9,63,No,8,9
BITS2681,2,53,Yes,5,9
BITS2682,3,65,No,8,3
BITS2683,2,47,Yes,7,1
BITS2684,3,53,Yes,9,8
BITS2685,6,70,Yes,5,2
BITS2686,9,41,Yes,8,6
BITS2687,9,87,No,4,3
BITS2688,7,43,Yes,8,0
BITS2689,3,40,No,4,7
BITS2690,4,94,Yes,4,3
BITS2691,6,59,No,8,5
BITS2692,5,98,Yes,4,6
BITS2693,2,53,Yes,9,7
BITS2694,6,79,No,6,9
BITS2695,3,64,No,5,1
BITS2696,8,99,Yes,8,8
BITS2697,2,64,No,6,9
BITS2698,1,42,No,4,2
BITS2699,9,44,No,4,0
BITS2700,3,77,Yes,5,1
BITS2701,1,93,No,6,7
BITS2702,7,65,Yes,6,9
BITS2703,5,79,No,8,5
BITS2704,5,77,No,4,0
BITS2705,1,77,Yes,7,8
BITS2706,9,43,No,8,6
BITS2707,7,46,No,8,9
BITS2708,8,69,No,8,2
BITS2709,9,69,No,5,6
BITS2710,6,95,No,5,5
BITS2711,5,58,No,8,2
BITS2712,6,78,No,9,7
BITS2713,2,74,Yes,7,0
BITS2714,4,79,Yes,6,4
BITS2715,3,72,Yes,6,7
BITS2716,7,72,Yes,4,2
BITS2717,9,53,Yes,6,9
BITS2718,5,77,No,6,5
BITS2719,6,49,Yes,7,9
BITS2720,2,96,Yes,6,1
BITS2721,3,67,No,7,8
BITS2722,3,53,Yes,5,1
BITS2723,9,75,No,7,4
BITS2724,7,77,No,5,2
BITS2725,8,55,Yes,7,9
BITS2726,9,99,Yes,8,8
BITS2727,6,60,No,9,8
BITS2728,4,67,No,5,6
BITS2729,1,72,Yes,5,9
BITS2730,8,45,No,6,4
BITS2731,7,80,Yes,5,8
BITS2732,2,54,Yes,7,6
BITS2733,8,83,Yes,8,1
BITS2734,5,42,Yes,8,9
BITS2735,7,82,No,6,0
BITS2736,4,86,No,7,9
BITS2737,5,74,Yes,7,9
BITS2738,8,53,Yes,4,3
BITS2739,1,41,No,5,9
BITS2740,1,68,No,6,7
BITS2741,4,43,No,8,5
BITS2742,3,65,No,9,1
BITS2743,2,90,No,4,4
BITS2744,3,51,Yes,7,8
BITS2745,1,41,Yes,5,5
BITS2746,1,56,Yes,8,5
BITS2747,6,74,Yes,4,6
BITS2748,5,49,No,7,4
BITS2749,8,87,No,8,2
BITS2750,2,61,Yes,8,2
BITS2751,,80,Yes,7,4
BITS2752,8,82,No,7,3
BITS2753,6,60,Yes,6,4
BITS2754,,54,Yes,8,8
BITS2755,4,74,No,7,4
BITS2756,1,87,No,9,3
BITS2757,2,60,No,9,3
BITS2758,5,60,Yes,4,0
BITS2759,8,60,No,5,9
BITS2760,8,99,No,9,3
BITS2761,3,83,Yes,6,3
BITS2762,4,71,No,7,8
BITS2763,6,94,Yes,5,3
BITS2764,3,44,Yes,6,6
BITS2765,2,78,Yes,8,0
BITS2766,6,48,Yes,5,6
BITS2767,5,92,No,9,1
BITS2768,5,57,Yes,6,7
BITS2769,5,60,No,7,0
BITS2770,5,47,No,7,9
BITS2771,3,83,No,6,2
BITS2772,7,91,No,8,7
BITS2773,6,73,No,9,9
BITS2774,4,49,Yes,6,7
BITS2775,2,90,No,4,4
BITS2776,9,80,Yes,6,4
BITS2777,1,96,Yes,6,7
BITS2778,4,63,Yes,9,9
BITS2779,1,79,No,7,4
BITS2780,6,63,No,8,8
BITS2781,4,95,No,6,0
BITS2782,5,71,No,5,4
BITS2783,5,95,Yes,7,2
BITS2784,9,72,No,7,2
BITS2785,1,77,No,6,1
BITS2786,2,83,Yes,9,2
BITS2787,6,96,Yes,5,6
BITS2788,5,95,Yes,6,7
BITS2789,7,90,Yes,5,7
BITS2790,3,98,Yes,7,7
BITS2791,3,88,Yes,5,0
BITS2792,2,73,Yes,6,6
BITS2793,3,50,No,4,1
BITS2794,1,70,No,4,9
BITS2795,5,57,Yes,5,3
BITS2796,5,62,Yes,9,4
BITS2797,7,99,No,6,0
BITS2798,4,61,Yes,8,3
BITS2799,3,82,Yes,4,3
BITS2800,1,57,Yes,7,8
BITS2801,8,79,Yes,6,8
BITS2802,3,86,Yes,6,9
BITS2803,2,80,No,4,0
BITS2804,4,86,Yes,8,7
BITS2805,3,78,Yes,7,3
BITS2806,1,59,Yes,8,3
BITS2807,3,52,No,7,4
BITS2808,2,84,No,4,1
BITS2809,8,40,Yes,6,0
BITS2810,6,91,Yes,7,4
BITS2811,9,43,Yes,6,6
BITS2812,8,63,Yes,5,9
BITS2813,3,75,No,5,8
BITS2814,5,75,No,4,1
BITS2815,7,84,Yes,4,7
BITS2816,5,41,Yes,9,6
BITS2817,8,67,No,4,1
BITS2818,5,65,No,5,4
BITS2819,1,62,Yes,7,6
BITS2820,5,54,Yes,8,2
BITS2821,4,75,Yes,4,1
BITS2822,6,66,No,8,5
BITS2823,3,45,No,8,9
BITS2824,5,74,No,5,5
BITS2825,2,78,No,9,3
BITS2826,6,77,Yes,7,0
BITS2827,6,74,No,5,4
BITS2828,5,75,No,4,0
BITS2829,6,49,No,5,7
BITS2830,7,69,Yes,5,1
BITS2831,5,92,No,5,8
BITS2832,1,80,No,4,8
BITS2833,8,77,No,4,2
BITS2834,4,68,Yes,5,5
BITS2835,9,91,No,5,8
BITS2836,6,98,Yes,8,6
BITS2837,1,82,Yes,7,3
BITS2838,3,78,No,8,2
BITS2839,3,89,Yes,9,1
BITS2840,4,43,No,7,9
BITS2841,6,44,Yes,9,9
BITS2842,7,43,Yes,7,0
BITS2843,4,75,No,5,9
BITS2844,6,98,No,8,0
BITS2845,1,84,Yes,7,3
BITS2846,8,55,Yes,9,3
BITS2847,7,64,Yes,7,8
BITS2848,9,53,Yes,4,9
BITS2849,3,50,No,7,0
BITS2850,2,68,Yes,5,3
BITS2851,1,73,Yes,6,2
BITS2852,3,61,No,4,8
BITS2853,5,53,Yes,6,4
BITS2854,2,95,No,5,8
BITS2855,3,63,No,6,9
BITS2856,4,98,No,7,5
BITS2857,7,78,Yes,6,8
BITS2858,3,65,No,8,0
BITS2859,9,82,No,5,3
BITS2860,8,75,No,8,3
BITS2861,4,78,Yes,6,9
BITS2862,1,55,Yes,8,9
BITS2863,1,97,Yes,4,5
BITS2864,1,77,Yes,6,9
BITS2865,1,98,No,9,0
BITS2866,8,71,No,8,9
BITS2867,3,45,No,7,4
BITS2868,6,73,Yes,6,2
BITS2869,3,95,No,9,0
BITS2870,5,47,Yes,4,5
BITS2871,7,69,Yes,7,2
BITS2872,2,66,Yes,6,3
BITS2873,6,46,No,7,8
BITS2874,6,66,No,6,1
BITS2875,3,64,Yes,6,0
BITS2876,6,95,No,5,9
BITS2877,5,85,,8,5
BITS2878,2,80,No,6,0
BITS2879,9,54,Yes,4,0
BITS2880,8,64,Yes,9,6
BITS2881,3,61,Yes,8,1
BITS2882,8,57,No,5,3
BITS2883,9,51,No,8,3
BITS2884,3,62,No,8,1
BITS2885,3,90,No,6,5
BITS2886,2,84,No,4,9
BITS2887,8,78,Yes,6,1
BITS2888,1,64,No,4,7
BITS2889,8,49,Yes,4,3
BITS2890,7,69,No,7,0
BITS2891,7,49,No,6,6
BITS2892,3,73,No,5,5
BITS2893,1,85,Yes,9,5
BITS2894,4,52,No,8,2
BITS2895,,93,Yes,7,9
BITS2896,5,68,No,5,6
BITS2897,1,77,Yes,9,5
BITS2898,5,80,Yes,9,9
BITS2899,8,84,Yes,6,9
BITS2900,8,48,Yes,4,8
BITS2901,5,52,No,6,2
BITS2902,9,76,No,9,2
BITS2903,1,53,Yes,6,3
BITS2904,4,76,No,7,2
BITS2905,3,48,Yes,5,3
BITS2906,2,47,No,9,5
BITS2907,8,78,No,7,0
BITS2908,7,79,No,5,1
BITS2909,9,93,Yes,7,9
BITS2910,2,42,No,8,5
BITS2911,4,94,Yes,4,5
BITS2912,6,95,No,4,0
BITS2913,3,86,Yes,4,5
BITS2914,8,79,No,8,8
BITS2915,3,72,Yes,9,7
BITS2916,2,71,Yes,9,9
BITS2917,3,46,Yes,8,4
BITS2918,6,58,No,4,3
BITS2919,2,73,Yes,4,5
BITS2920,8,53,No,5,4
BITS2921,1,89,Yes,5,5
BITS2922,7,86,Yes,6,9
BITS2923,2,85,Yes,7,2
BITS2924,6,95,No,5,6
BITS2925,2,96,No,5,7
BITS2926,2,58,No,5,4
BITS2927,8,90,No,5,4
BITS2928,,93,No,8,3
BITS2929,7,98,No,6,9
BITS2930,3,65,No,5,4
BITS2931,8,56,Yes,9,9
BITS2932,7,93,Yes,7,7
BITS2933,8,67,No,5,4
BITS2934,7,58,No,8,8
BITS2935,6,66,No,9,0
BITS2936,7,87,No,4,6
BITS2937,5,91,No,4,4
BITS2938,7,96,Yes,6,3
BITS2939,1,58,No,4,2
BITS2940,1,72,No,5,9
BITS2941,9,90,No,8,6
BITS2942,5,46,Yes,6,1
BITS2943,5,68,Yes,9,4
BITS2944,3,94,Yes,5,1
BITS2945,5,82,Yes,4,6
BITS2946,3,44,No,7,5
BITS2947,9,69,Yes,5,9
BITS2948,9,88,Yes,7,6
BITS2949,6,82,Yes,9,8
BITS2950,1,95,Yes,7,1
BITS2951,7,97,Yes,9,8
BITS2952,7,47,No,6,6
BITS2953,4,81,Yes,8,1
BITS2954,8,51,Yes,4,9
BITS2955,6,81,Yes,4,1
BITS2956,4,52,No,5,3
BITS2957,4,65,No,4,1
BITS2958,2,57,No,6,0
BITS2959,2,81,No,4,5
BITS2960,4,90,No,5,9
BITS2961,5,91,No,4,4
BITS2962,8,88,No,8,2
BITS2963,6,59,No,9,0
BITS2964,4,55,Yes,7,8
BITS2965,7,76,Yes,7,7
BITS2966,8,42,No,9,5
BITS2967,2,66,Yes,7,5
BITS2968,7,54,No,8,3
BITS2969,2,97,Yes,6,1
BITS2970,2,73,Yes,5,3
BITS2971,8,84,No,8,1
BITS2972,2,61,Yes,5,6
BITS2973,9,79,No,6,8
BITS2974,1,62,No,8,1
BITS2975,9,98,Yes,4,8
BITS2976,1,88,No,6,8
BITS2977,2,43,Yes,7,7
BITS2978,6,90,Yes,8,0
BITS2979,6,93,No,6,4
BITS2980,1,96,No,6,9
BITS2981,7,80,No,8,3
BITS2982,8,62,No,7,6
BITS2983,2,86,No,9,7
BITS2984,8,99,Yes,7,9
BITS2985,9,48,No,6,7
BITS2986,6,63,Yes,5,1
BITS2987,5,60,No,9,2
BITS2988,9,80,Yes,9,9
BITS2989,9,85,Yes,6,9
BITS2990,1,94,Yes,8,6
BITS2991,3,92,Yes,8,3
BITS2992,9,55,Yes,8,5
BITS2993,2,95,No,7,7
BITS2994,4,94,Yes,4,7
BITS2995,4,64,No,8,6
BITS2996,2,65,Yes,8,1
BITS2997,3,88,No,9,1
BITS2998,3,84,Yes,5,2
BITS2999,1,48,Yes,5,3
BITS3000,6,54,No,6,0
BITS3001,8,78,No,6,4
BITS3002,3,72,Yes,6,6
BITS3003,5,40,Yes,8,9
BITS3004,1,44,No,5,4
BITS3005,7,95,Yes,6,6
BITS3006,1,48,Yes,5,4
BITS3007,9,,No,8,9
BITS3008,8,45,Yes,9,7
BITS3009,7,67,Yes,8,6
BITS3010,7,84,No,6,0
BITS3011,5,65,Yes,8,0
BITS3012,5,67,No,8,4
BITS3013,5,79,No,5,1
BITS3014,1,54,Yes,4,8
BITS3015,8,45,Yes,7,1
BITS3016,1,66,No,6,8
BITS3017,4,77,No,4,9
BITS3018,9,43,Yes,9,1
BITS3019,9,50,No,6,3
BITS3020,5,60,Yes,4,2
BITS3021,4,69,No,8,5
BITS3022,3,57,No,6,3
BITS3023,3,74,No,4,8
BITS3024,5,42,Yes,7,8
BITS3025,1,51,No,8,9
BITS3026,5,66,No,6,8
BITS3027,6,92,No,9,2
BITS3028,7,69,No,9,2
BITS3029,9,60,Yes,6,3
BITS3030,3,77,No,4,8
BITS3031,2,60,Yes,6,5
BITS3032,3,99,No,8,8
BITS3033,,77,No,5,7
BITS3034,7,79,Yes,9,6
BITS3035,9,54,Yes,4,4
BITS3036,2,57,No,7,8
BITS3037,5,91,No,6,3
BITS3038,4,68,No,8,3
BITS3039,2,87,Yes,6,7
BITS3040,,77,No,7,3
BITS3041,9,99,Yes,8,6
BITS3042,6,60,No,7,3
BITS3043,6,56,Yes,8,0
BITS3044,8,80,Yes,5,9
BITS3045,6,90,Yes,9,8
BITS3046,1,57,No,8,3
BITS3047,4,96,No,7,2
BITS3048,7,94,Yes,4,2
BITS3049,2,76,Yes,9,8
BITS3050,9,99,Yes,5,7
BITS3051,8,77,No,6,9
BITS3052,8,51,No,5,6
BITS3053,7,50,No,5,6
BITS3054,4,87,Yes,6,3
BITS3055,2,91,No,8,2
BITS3056,3,88,No,5,3
BITS3057,6,59,No,9,5
BITS3058,5,48,Yes,5,3
BITS3059,8,40,No,4,3
BITS3060,6,97,No,9,1
BITS3061,6,42,No,4,6
BITS3062,1,60,No,9,5
BITS3063,4,62,No,7,1
BITS3064,5,48,Yes,6,4
BITS3065,3,93,Yes,9,5
BITS3066,9,58,Yes,9,4
BITS3067,1,84,Yes,8,3
BITS3068,6,94,No,8,8
BITS3069,6,85,No,7,2
BITS3070,5,91,Yes,8,1
BITS3071,5,58,Yes,8,8
BITS3072,5,62,Yes,4,7
BITS3073,6,66,No,8,8
BITS3074,8,66,No,8,9
BITS3075,2,78,No,7,2
BITS3076,6,75,Yes,7,0
BITS3077,1,51,Yes,5,0
BITS3078,4,94,Yes,8,2
BITS3079,3,66,No,8,3
BITS3080,9,85,No,9,1
BITS3081,3,73,Yes,8,7
BITS3082,6,72,Yes,4,2
BITS3083,1,67,No,9,3
BITS3084,6,70,No,8,5
BITS3085,4,71,Yes,4,9
BITS3086,8,89,Yes,5,5
BITS3087,9,59,No,9,1
BITS3088,4,79,Yes,6,5
BITS3089,6,74,Yes,8,3
BITS3090,1,70,No,9,4
BITS3091,4,97,Yes,7,6
BITS3092,7,70,No,9,6
BITS3093,1,77,Yes,7,5
BITS3094,8,61,No,8,9
BITS3095,6,84,Yes,4,5
BITS3096,5,80,Yes,7,5
BITS3097,9,48,Yes,9,3
BITS3098,2,91,No,9,2
BITS3099,5,48,Yes,7,0
BITS3100,6,54,Yes,5,2
BITS3101,7,52,No,5,2
BITS3102,5,61,Yes,5,8
BITS3103,9,55,No,7,2
BITS3104,1,71,No,7,7
BITS3105,7,41,No,9,7
BITS3106,7,65,Yes,8,2
BITS3107,4,53,No,8,9
BITS3108,9,98,Yes,4,9
BITS3109,5,77,No,7,5
BITS3110,4,73,Yes,8,7
BITS3111,7,47,No,8,7
BITS3112,4,75,No,5,9
BITS3113,3,60,Yes,5,9
BITS3114,9,95,No,5,8
BITS3115,8,85,Yes,6,8
BITS3116,1,82,No,8,7
BITS3117,7,95,Yes,5,6
BITS3118,9,67,No,5,9
BITS3119,8,85,No,7,2
BITS3120,8,83,Yes,9,6
BITS3121,6,87,No,5,3
BITS3122,4,45,Yes,7,1
BITS3123,8,59,Yes,4,7
BITS3124,3,70,No,5,1
BITS3125,9,72,No,9,0
BITS3126,2,83,No,7,4
BITS3127,2,46,Yes,9,9
BITS3128,7,47,Yes,5,8
BITS3129,4,48,No,4,4
BITS3130,8,41,Yes,5,1
BITS3131,9,56,No,7,9
BITS3132,7,91,No,4,3
BITS3133,5,84,No,4,7
BITS3134,8,76,Yes,4,6
BITS3135,4,81,Yes,6,4
BITS3136,2,83,No,7,3
BITS3137,6,56,Yes,6,4
BITS3138,9,92,No,9,6
BITS3139,1,77,No,4,4
BITS3140,7,74,Yes,6,7
BITS3141,9,99,No,5,6
BITS3142,9,86,No,6,6
BITS3143,3,78,No,8,8
BITS3144,5,69,No,9,7
BITS3145,8,45,No,4,7
BITS3146,8,43,,4,5
BITS3147,4,90,Yes,9,6
BITS3148,1,76,No,9,7
BITS3149,1,74,Yes,7,4
BITS3150,4,97,No,5,9
BITS3151,6,96,No,9,1
BITS3152,8,48,No,9,6
BITS3153,6,45,No,7,9
BITS3154,9,52,Yes,9,2
BITS3155,9,98,,6,9
BITS3156,2,61,No,8,7
BITS3157,1,67,Yes,8,5
BITS3158,2,69,No,8,3
BITS3159,5,91,Yes,9,1
BITS3160,4,75,No,8,6
BITS3161,4,41,No,5,0
BITS3162,9,97,No,6,6
BITS3163,8,75,Yes,8,9
BITS3164,6,47,Yes,4,9
BITS3165,1,84,No,9,6
BITS3166,2,81,Yes,6,9
BITS3167,6,89,Yes,5,2
BITS3168,2,48,Yes,8,3
BITS3169,5,40,Yes,5,3
BITS3170,5,52,Yes,9,3
BITS3171,6,89,Yes,8,8
BITS3172,6,54,Yes,4,5
BITS3173,6,71,Yes,6,9
BITS3174,2,73,Yes,4,8
BITS3175,3,82,Yes,8,3
BITS3176,6,70,Yes,7,6
BITS3177,8,53,Yes,6,9
BITS3178,1,93,Yes,5,8
BITS3179,1,86,No,8,9
BITS3180,2,53,No,4,2
BITS3181,6,87,Yes,9,2
BITS3182,9,94,Yes,7,5
BITS3183,4,68,Yes,9,7
BITS3184,3,86,No,8,0
BITS3185,8,58,No,5,3
BITS3186,9,66,Yes,4,7
BITS3187,5,48,Yes,6,5
BITS3188,9,76,Yes,7,1
BITS3189,2,76,Yes,8,7
BITS3190,3,82,Yes,8,0
BITS3191,7,67,No,8,0
BITS3192,7,91,Yes,8,6
BITS3193,6,96,No,4,9
BITS3194,6,63,Yes,6,2
BITS3195,2,67,Yes,5,7
BITS3196,6,75,No,7,8
BITS3197,4,91,No,8,7
BITS3198,3,57,Yes,9,0
BITS3199,2,64,No,8,0
BITS3200,1,74,Yes,6,5
BITS3201,5,43,No,6,0
BITS3202,2,53,No,4,7
BITS3203,2,78,Yes,4,5
BITS3204,7,65,Yes,9,4
BITS3205,8,47,No,9,5
BITS3206,8,63,Yes,4,3
BITS3207,4,55,No,7,0
BITS3208,1,59,No,9,6
BITS3209,7,54,Yes,4,9
BITS3210,1,46,No,8,8
BITS3211,4,97,Yes,4,3
BITS3212,8,56,Yes,7,3
BITS3213,2,61,No,4,8
BITS3214,6,61,Yes,4,3
BITS3215,6,93,No,8,9
BITS3216,9,51,No,9,3
BITS3217,5,57,Yes,8,7
BITS3218,4,95,Yes,8,3
BITS3219,5,85,No,4,8
BITS3220,5,86,Yes,8,7
BITS3221,8,54,No,6,4
BITS3222,8,76,No,5,8
BITS3223,2,55,No,5,7
BITS3224,7,44,No,8,9
BITS3225,8,41,No,9,3
BITS3226,6,91,Yes,7,3
BITS3227,5,67,No,8,0
BITS3228,9,96,No,9,3
BITS3229,3,80,No,8,7
BITS3230,4,93,No,4,4
BITS3231,9,66,No,9,5
BITS3232,6,70,No,7,3
BITS3233,8,80,Yes,8,4
BITS3234,7,75,Yes,6,9
BITS3235,2,86,No,9,7
BITS3236,3,82,No,5,8
BITS3237,1,40,No,9,2
BITS3238,9,89,Yes,6,9
BITS3239,7,68,No,6,3
BITS3240,1,40,No,6,0
BITS3241,3,47,No,7,4
BITS3242,4,96,No,7,3
BITS3243,4,55,No,9,5
BITS3244,5,97,No,7,5
BITS3245,3,67,Yes,5,9
BITS3246,3,61,No,4,5
BITS3247,1,57,No,9,2
BITS3248,7,61,No,8,6
BITS3249,1,80,No,8,2
BITS3250,2,51,No,9,5
BITS3251,4,58,No,4,9
BITS3252,4,64,No,8,0
BITS3253,5,89,No,9,7
BITS3254,2,98,No,9,6
BITS3255,4,44,Yes,6,8
BITS3256,1,98,Yes,5,2
BITS3257,2,73,Yes,8,7
BITS3258,1,78,No,5,1
BITS3259,4,98,Yes,9,8
BITS3260,4,49,Yes,4,0
BITS3261,7,86,Yes,9,9
BITS3262,9,96,Yes,8,6
BITS3263,9,46,No,5,9
BITS3264,5,99,Yes,6,0
BITS3265,1,76,Yes,6,5
BITS3266,1,86,No,9,0
BITS3267,6,91,Yes,4,3
BITS3268,2,99,No,7,6
BITS3269,8,91,Yes,8,1
BITS3270,9,54,Yes,9,2
BITS3271,4,81,Yes,6,3
BITS3272,5,63,No,6,5
BITS3273,8,65,Yes,4,8
BITS3274,3,65,Yes,6,3
BITS3275,5,85,No,8,5
BITS3276,3,65,Yes,4,6
BITS3277,3,97,Yes,5,3
BITS3278,3,49,Yes,4,5
BITS3279,7,56,Yes,8,2
BITS3280,7,92,Yes,8,4
BITS3281,7,53,No,5,9
BITS3282,8,41,No,9,3
BITS3283,5,87,No,4,6
BITS3284,5,52,Yes,8,5
BITS3285,4,66,Yes,8,6
BITS3286,7,48,Yes,5,5
BITS3287,4,46,Yes,7,1
BITS3288,2,87,Yes,4,6
BITS3289,4,49,No,8,7
BITS3290,8,95,No,6,6
BITS3291,9,93,No,5,3
BITS3292,3,48,Yes,7,3
BITS3293,7,61,No,7,4
BITS3294,9,62,No,5,8
BITS3295,4,46,No,7,4
BITS3296,3,87,No,8,1
BITS3297,5,48,Yes,7,4
BITS3298,1,66,Yes,4,2
BITS3299,3,63,No,6,9
BITS3300,8,68,No,8,7
BITS3301,8,56,No,5,9
BITS3302,4,59,No,6,9
BITS3303,2,46,No,9,1
BITS3304,8,82,No,8,3
BITS3305,8,79,No,6,4
BITS3306,,46,No,7,3
BITS3307,3,67,No,9,4
BITS3308,2,58,Yes,5,9
BITS3309,9,59,No,5,3
BITS3310,1,83,Yes,4,2
BITS3311,7,78,Yes,7,0
BITS3312,5,79,No,4,3
BITS3313,8,46,No,4,8
BITS3314,4,45,Yes,7,0
BITS3315,7,64,Yes,8,6
BITS3316,5,80,No,9,2
BITS3317,5,98,Yes,4,7
BITS3318,9,52,No,6,5
BITS3319,9,78,No,9,0
BITS3320,9,79,Yes,8,9
BITS3321,6,61,No,7,4
BITS3322,6,88,Yes,5,7
BITS3323,5,56,No,8,2
BITS3324,9,87,No,4,3
BITS3325,8,61,Yes,6,6
BITS3326,7,73,Yes,9,5
BITS3327,7,47,No,7,6
BITS3328,6,88,No,5,8
BITS3329,5,84,Yes,9,8
BITS3330,4,57,No,6,1
BITS3331,3,63,Yes,5,2
BITS3332,3,99,Yes,7,3
BITS3333,6,93,Yes,9,5
BITS3334,4,99,No,8,4
BITS3335,6,81,Yes,4,5
BITS3336,3,41,No,7,7
BITS3337,4,41,Yes,6,1
BITS3338,9,,No,8,5
BITS3339,5,53,No,9,8
BITS3340,7,87,Yes,5,4
BITS3341,2,78,Yes,8,0
BITS3342,5,92,Yes,8,7
BITS3343,9,92,No,6,3
BITS3344,3,95,No,4,7
BITS3345,9,51,No,8,3
BITS3346,6,71,Yes,8,7
BITS3347,4,67,Yes,4,8
BITS3348,7,94,Yes,4,4
BITS3349,8,67,Yes,5,4
BITS3350,6,85,Yes,9,1
BITS3351,5,64,No,5,8
BITS3352,6,43,Yes,4,3
BITS3353,5,65,No,7,2
BITS3354,8,75,Yes,4,1
BITS3355,1,89,Yes,5,2
BITS3356,7,42,Yes,6,3
BITS3357,2,40,Yes,6,8
BITS3358,9,56,Yes,9,5
BITS3359,1,46,No,8,9
BITS3360,6,87,Yes,6,4
BITS3361,9,44,No,5,8
BITS3362,1,58,No,6,7
BITS3363,4,78,No,7,5
BITS3364,4,85,No,4,2
BITS3365,9,73,Yes,4,6
BITS3366,5,74,Yes,5,9
BITS3367,5,88,Yes,8,5
BITS3368,6,55,Yes,4,7
BITS3369,1,79,Yes,6,5
BITS3370,1,89,No,7,9
BITS3371,9,86,Yes,8,3
BITS3372,3,78,Yes,8,9
BITS3373,4,66,No,8,6
BITS3374,1,80,Yes,4,6
BITS3375,9,77,Yes,9,7
BITS3376,8,89,No,8,1
BITS3377,2,89,Yes,5,5
BITS3378,8,64,No,6,2
BITS3379,7,65,No,9,7
BITS3380,6,95,Yes,7,3
BITS3381,1,53,No,6,3
BITS3382,7,53,Yes,5,1
BITS3383,7,53,Yes,5,5
BITS3384,9,64,Yes,9,5
BITS3385,1,75,No,6,0
BITS3386,2,43,No,4,7
BITS3387,9,86,No,5,2
BITS3388,9,54,No,8,0
BITS3389,6,71,No,7,9
BITS3390,6,57,No,7,0
BITS3391,4,53,No,5,0
BITS3392,4,97,No,8,4
BITS3393,5,40,No,6,4
BITS3394,3,81,No,7,0
BITS3395,1,59,No,8,4
BITS3396,1,49,Yes,8,6
BITS3397,7,49,No,4,4
BITS3398,1,98,Yes,5,8
BITS3399,1,63,Yes,8,3
BITS3400,3,73,Yes,6,8
BITS3401,4,67,Yes,7,7
BITS3402,4,66,No,4,0
BITS3403,2,79,Yes,6,3
BITS3404,1,40,Yes,7,6
BITS3405,3,72,Yes,5,0
BITS3406,4,43,No,6,7
BITS3407,3,46,Yes,7,1
BITS3408,8,48,Yes,4,7
BITS3409,1,55,No,7,3
BITS3410,2,44,No,8,7
BITS3411,7,73,No,4,0
BITS3412,4,99,No,6,4
BITS3413,8,62,No,9,8
BITS3414,3,82,No,5,6
BITS3415,6,89,No,4,2
BITS3416,9,64,No,4,3
BITS3417,1,96,No,4,9
BITS3418,1,90,Yes,7,6
BITS3419,8,52,No,8,5
BITS3420,3,63,Yes,9,3
BITS3421,5,50,Yes,5,2
BITS3422,1,91,No,5,1
BITS3423,5,90,No,8,9
BITS3424,6,56,No,7,8
BITS3425,8,76,No,7,2
BITS3426,3,52,Yes,8,6
BITS3427,3,66,Yes,8,0
BITS3428,9,59,No,6,7
BITS3429,4,72,Yes,7,0
BITS3430,4,81,No,4,1
BITS3431,7,71,Yes,5,0
BITS3432,2,47,Yes,7,3
BITS3433,8,95,No,8,1
BITS3434,6,68,No,4,0
BITS3435,3,79,Yes,6,0
BITS3436,9,58,No,9,1
BITS3437,5,45,Yes,6,5
BITS3438,8,83,No,4,1
BITS3439,7,99,No,4,1
BITS3440,8,78,No,8,7
BITS3441,7,87,No,9,4
BITS3442,3,80,No,8,7
BITS3443,2,60,No,5,7
BITS3444,7,96,No,9,1
BITS3445,3,61,Yes,9,6
BITS3446,3,81,No,5,8
BITS3447,2,49,Yes,6,7
BITS3448,4,49,No,4,8
BITS3449,8,91,Yes,6,7
BITS3450,1,68,No,8,3
BITS3451,1,55,No,7,9
BITS3452,5,40,Yes,8,6
BITS3453,5,56,No,7,8
BITS3454,1,69,No,4,8
BITS3455,6,65,No,4,3
BITS3456,1,92,No,9,6
BITS3457,5,85,No,4,5
BITS3458,9,58,Yes,5,2
BITS3459,5,92,No,5,9
BITS3460,6,60,Yes,7,5
BITS3461,8,56,Yes,6,7
BITS3462,1,85,Yes,9,1
BITS3463,2,79,Yes,6,2
BITS3464,9,60,Yes,7,7
BITS3465,3,92,Yes,5,3
BITS3466,6,80,Yes,8,
BITS3467,5,79,Yes,9,1
BITS3468,2,84,No,7,9
BITS3469,7,88,Yes,6,0
BITS3470,4,58,No,7,6
BITS3471,1,99,Yes,7,3
BITS3472,4,46,Yes,4,5
BITS3473,6,56,No,5,7
BITS3474,7,40,Yes,9,6
BITS3475,7,76,No,4,6
BITS3476,7,96,Yes,5,5
BITS3477,3,45,No,7,3
BITS3478,6,65,No,5,3
BITS3479,8,41,Yes,6,8
BITS3480,4,98,Yes,9,4
BITS3481,8,71,Yes,4,8
BITS3482,2,96,Yes,9,8
BITS3483,9,87,No,7,3
BITS3484,9,93,No,6,1
BITS3485,8,44,No,5,1
BITS3486,1,76,No,5,8
BITS3487,2,70,No,6,8
BITS3488,6,51,No,5,2
BITS3489,5,74,No,4,4
BITS3490,9,69,Yes,8,4
BITS3491,5,87,Yes,5,1
BITS3492,2,45,Yes,7,1
BITS3493,4,54,Yes,5,9
BITS3494,9,54,Yes,9,0
BITS3495,1,55,Yes,7,1
BITS3496,1,59,Yes,5,6
BITS3497,7,52,Yes,5,0
BITS3498,3,83,No,7,0
BITS3499,2,81,Yes,4,8
BITS3500,9,85,Yes,8,1
BITS3501,3,70,Yes,8,3
BITS3502,2,73,No,4,2
BITS3503,8,68,Yes,5,3
BITS3504,6,42,No,8,6
BITS3505,6,48,No,4,9
BITS3506,7,50,Yes,4,1
BITS3507,7,50,No,8,1
BITS3508,6,64,Yes,7,8
BITS3509,4,61,Yes,6,5
BITS3510,9,81,Yes,7,6
BITS3511,6,97,No,5,4
BITS3512,4,85,Yes,7,4
BITS3513,3,48,Yes,9,3
BITS3514,4,59,Yes,6,7
BITS3515,3,98,No,6,6
BITS3516,2,60,No,4,9
BITS3517,5,49,No,9,1
BITS3518,2,61,No,5,1
BITS3519,6,68,Yes,4,5
BITS3520,3,48,Yes,7,0
BITS3521,6,44,No,7,6
BITS3522,9,79,Yes,8,7
BITS3523,1,50,No,4,9
BITS3524,6,40,Yes,9,7
BITS3525,9,92,Yes,4,2
BITS3526,4,81,No,4,6
BITS3527,2,40,No,4,0
BITS3528,4,97,Yes,6,2
BITS3529,1,93,No,8,5
BITS3530,3,78,Yes,5,8
BITS3531,9,99,Yes,5,4
BITS3532,5,85,Yes,5,4
BITS3533,6,44,Yes,6,8
BITS3534,3,88,No,8,8
BITS3535,5,61,Yes,9,5
BITS3536,8,65,Yes,8,4
BITS3537,6,92,Yes,6,9
BITS3538,4,45,No,9,1
BITS3539,2,71,Yes,4,7
BITS3540,9,87,No,7,7
BITS3541,1,50,No,4,6
BITS3542,1,49,No,5,7
BITS3543,4,86,No,4,2
BITS3544,7,78,No,6,2
BITS3545,1,94,No,5,1
BITS3546,9,73,No,7,0
BITS3547,4,70,Yes,9,2
BITS3548,3,51,Yes,9,2
BITS3549,1,90,No,5,6
BITS3550,4,83,No,4,9
BITS3551,9,55,No,8,8
BITS3552,6,77,Yes,8,0
BITS3553,6,42,No,9,7
BITS3554,1,41,Yes,8,0
BITS3555,2,91,Yes,5,2
BITS3556,6,44,No,8,3
BITS3557,2,50,Yes,6,7
BITS3558,3,97,No,9,0
BITS3559,4,64,No,7,1
BITS3560,5,74,No,8,4
BITS3561,9,74,Yes,6,5
BITS3562,4,61,No,6,4
BITS3563,9,76,Yes,5,2
BITS3564,3,61,No,9,9
BITS3565,8,94,No,5,6
BITS3566,1,50,No,7,0
BITS3567,9,71,No,7,1
BITS3568,9,74,No,4,8
BITS3569,2,70,Yes,7,3
BITS3570,4,84,No,9,7
BITS3571,8,,No,9,8
BITS3572,7,47,No,5,6
BITS3573,1,59,Yes,6,0
BITS3574,5,81,No,4,4
BITS3575,7,73,No,7,5
BITS3576,4,43,No,6,7
BITS3577,1,57,No,5,9
BITS3578,9,90,Yes,8,7
BITS3579,5,43,No,4,8
BITS3580,2,59,Yes,9,8
BITS3581,8,97,Yes,6,3
BITS3582,2,48,Yes,5,5
BITS3583,3,55,Yes,5,2
BITS3584,1,65,No,4,0
BITS3585,2,77,No,4,5
BITS3586,7,64,Yes,7,0
BITS3587,2,43,Yes,7,8
BITS3588,6,80,Yes,9,5
BITS3589,3,98,No,9,0
BITS3590,4,84,Yes,4,2
BITS3591,8,80,Yes,4,0
BITS3592,3,77,Yes,6,1
BITS3593,6,92,Yes,7,5
BITS3594,1,58,Yes,5,6
BITS3595,7,53,No,7,0
BITS3596,8,60,Yes,7,9
BITS3597,8,54,No,4,4
BITS3598,3,42,No,4,5
BITS3599,1,76,No,7,3
BITS3600,9,92,No,8,5
BITS3601,6,89,No,8,4
BITS3602,9,85,Yes,9,6
BITS3603,7,55,No,7,3
BITS3604,1,53,No,8,0
BITS3605,1,48,Yes,9,1
BITS3606,6,86,No,9,5
BITS3607,5,46,Yes,7,9
BITS3608,9,53,Yes,9,1
BITS3609,2,45,Yes,4,4
BITS3610,8,60,Yes,4,3
BITS3611,5,54,Yes,4,6
BITS3612,2,91,No,5,3
BITS3613,6,47,Yes,4,6
BITS3614,8,73,Yes,4,7
BITS3615,4,79,No,7,6
BITS3616,2,40,No,8,1
BITS3617,5,71,No,8,0
BITS3618,2,97,No,4,4
BITS3619,2,88,Yes,4,6
BITS3620,6,90,No,4,0
BITS3621,9,44,Yes,9,7
BITS3622,4,69,No,7,2
BITS3623,6,61,No,7,6
BITS3624,7,59,No,7,2
BITS3625,6,55,No,8,3
BITS3626,8,46,No,5,7
BITS3627,4,46,Yes,8,1
BITS3628,1,89,Yes,7,5
BITS3629,7,89,Yes,6,9
BITS3630,3,41,No,5,8
BITS3631,6,86,Yes,4,9
BITS3632,2,53,No,9,8
BITS3633,9,70,No,8,4
BITS3634,1,89,Yes,9,2
BITS3635,6,80,Yes,5,5
BITS3636,6,53,No,6,8
BITS3637,5,44,No,5,5
BITS3638,5,50,Yes,8,3
BITS3639,1,79,No,7,4
BITS3640,5,44,Yes,4,6
BITS3641,2,68,Yes,7,9
BITS3642,7,50,No,7,2
BITS3643,3,44,No,8,8
BITS3644,4,88,No,7,0
BITS3645,3,93,No,7,7
BITS3646,3,71,Yes,8,4
BITS3647,4,75,No,8,9
BITS3648,5,54,Yes,6,8
BITS3649,1,58,Yes,7,1
BITS3650,4,61,No,5,0
BITS3651,8,73,Yes,4,9
BITS3652,7,95,No,9,6
BITS3653,9,56,No,4,9
BITS3654,5,51,Yes,8,8
BITS3655,4,64,Yes,9,4
BITS3656,8,95,Yes,8,3
BITS3657,9,56,No,6,3
BITS3658,7,49,No,7,7
BITS3659,7,67,Yes,8,0
BITS3660,5,96,No,8,0
BITS3661,4,57,No,4,7
BITS3662,1,90,Yes,7,1
BITS3663,7,57,No,6,9
BITS3664,1,84,Yes,8,5
BITS3665,1,71,Yes,8,1
BITS3666,5,53,Yes,8,4
BITS3667,9,95,No,4,2
BITS3668,6,55,Yes,8,6
BITS3669,3,89,Yes,8,8
BITS3670,3,97,Yes,4,1
BITS3671,7,57,Yes,8,6
BITS3672,6,55,No,7,7
BITS3673,9,56,Yes,7,9
BITS3674,6,46,No,4,7
BITS3675,5,51,Yes,7,6
BITS3676,7,73,No,9,3
BITS3677,1,49,No,9,3
BITS3678,7,44,No,9,9
BITS3679,3,60,No,6,8
BITS3680,9,42,Yes,8,9
BITS3681,6,58,Yes,6,8
BITS3682,9,84,No,7,4
BITS3683,5,83,No,4,6
BITS3684,7,74,No,9,6
BITS3685,4,45,Yes,4,8
BITS3686,7,53,No,6,6
BITS3687,1,43,No,7,7
BITS3688,7,84,Yes,8,6
BITS3689,8,90,Yes,7,3
BITS3690,5,57,Yes,9,1
BITS3691,2,68,Yes,7,2
BITS3692,5,74,Yes,4,6
BITS3693,6,91,Yes,5,8
BITS3694,2,77,No,9,1
BITS3695,6,55,No,8,6
BITS3696,6,59,Yes,9,3
BITS3697,1,63,No,9,6
BITS3698,1,74,Yes,8,4
BITS3699,3,83,No,9,6
BITS3700,3,90,Yes,4,5
BITS3701,4,58,Yes,7,1
BITS3702,2,95,No,4,6
BITS3703,9,43,No,7,4
BITS3704,7,72,Yes,5,8
BITS3705,7,41,Yes,9,0
BITS3706,6,52,Yes,5,0
BITS3707,3,97,Yes,6,1
BITS3708,6,84,Yes,7,7
BITS3709,8,69,Yes,4,8
BITS3710,8,73,No,4,6
BITS3711,9,69,No,9,0
BITS3712,1,90,No,4,6
BITS3713,1,93,No,6,7
BITS3714,3,63,No,8,6
BITS3715,3,87,Yes,4,4
BITS3716,8,83,Yes,9,6
BITS3717,1,72,No,5,9
BITS3718,2,80,Yes,4,1
BITS3719,2,88,No,4,8
BITS3720,3,49,No,4,1
BITS3721,6,57,Yes,9,1
BITS3722,1,58,Yes,8,4
BITS3723,2,46,No,4,7
BITS3724,,96,No,8,5
BITS3725,5,58,No,8,8
BITS3726,7,63,No,6,5
BITS3727,8,54,Yes,5,4
BITS3728,1,80,No,4,0
BITS3729,7,81,Yes,4,7
BITS3730,5,62,No,4,2
BITS3731,1,91,No,8,1
BITS3732,3,91,Yes,7,6
BITS3733,7,43,Yes,5,1
BITS3734,1,77,Yes,9,0
BITS3735,7,43,Yes,4,1
BITS3736,5,44,Yes,7,5
BITS3737,1,80,No,7,1
BITS3738,1,83,No,7,0
BITS3739,1,62,No,5,0
BITS3740,9,79,Yes,7,3
BITS3741,3,92,Yes,9,7
BITS3742,5,76,Yes,4,5
BITS3743,9,50,No,9,3
BITS3744,6,94,Yes,4,5
BITS3745,9,50,No,6,5
BITS3746,8,52,No,8,8
BITS3747,8,53,No,7,3
BITS3748,1,99,Yes,9,5
BITS3749,9,47,No,8,9
BITS3750,6,64,No,8,0
BITS3751,9,57,No,8,6
BITS3752,3,90,Yes,8,6
BITS3753,3,83,No,8,0
BITS3754,6,83,Yes,4,7
BITS3755,9,57,Yes,5,4
BITS3756,7,49,No,7,8
BITS3757,3,46,No,7,7
BITS3758,3,99,Yes,4,2
BITS3759,2,89,No,9,0
BITS3760,9,83,Yes,4,2
BITS3761,3,53,Yes,8,1
BITS3762,5,54,Yes,5,1
BITS3763,9,55,No,7,3
BITS3764,8,41,Yes,9,1
BITS3765,2,69,Yes,6,7
BITS3766,3,69,No,4,4
BITS3767,2,57,No,6,0
BITS3768,8,70,Yes,7,5
BITS3769,6,83,Yes,4,6
BITS3770,6,87,Yes,7,0
BITS3771,9,52,No,4,2
BITS3772,8,59,Yes,9,8
BITS3773,4,88,Yes,7,6
BITS3774,4,89,No,6,3
BITS3775,9,74,No,5,5
BITS3776,1,62,Yes,9,5
BITS3777,2,81,No,9,2
BITS3778,2,72,Yes,4,1
BITS3779,6,77,Yes,6,4
BITS3780,4,74,No,7,7
BITS3781,3,90,Yes,6,2
BITS3782,3,75,Yes,9,4
BITS3783,3,59,No,4,2
BITS3784,6,94,Yes,6,6
BITS3785,8,42,No,7,5
BITS3786,7,47,Yes,8,5
BITS3787,4,79,No,9,0
BITS3788,4,98,No,,1
BITS3789,2,71,No,5,5
BITS3790,1,68,No,9,7
BITS3791,9,46,No,8,4
BITS3792,2,41,No,4,1
BITS3793,8,60,Yes,6,4
BITS3794,9,45,Yes,6,8
BITS3795,4,67,No,8,5
BITS3796,8,87,Yes,8,4
BITS3797,9,81,No,7,9
BITS3798,5,75,No,7,5
BITS3799,7,71,Yes,5,8
BITS3800,4,84,No,4,6
BITS3801,1,81,Yes,4,9
BITS3802,3,92,No,8,2
BITS3803,5,85,No,5,9
BITS3804,3,48,Yes,5,9
BITS3805,7,50,No,7,4
BITS3806,9,62,No,6,3
BITS3807,6,89,No,4,4
BITS3808,1,50,Yes,5,7
BITS3809,7,88,Yes,7,5
BITS3810,3,41,Yes,7,3
BITS3811,5,42,Yes,7,4
BITS3812,4,50,Yes,6,6
BITS3813,5,89,No,5,7
BITS3814,5,98,Yes,8,4
BITS3815,6,74,Yes,8,1
BITS3816,6,97,No,7,5
BITS3817,8,54,No,7,8
BITS3818,8,82,Yes,6,2
BITS3819,9,50,No,7,6
BITS3820,8,70,No,9,7
BITS3821,2,67,No,5,5
BITS3822,1,67,Yes,7,2
BITS3823,2,71,No,7,0
BITS3824,2,64,No,5,2
BITS3825,3,59,Yes,4,5
BITS3826,7,67,No,9,3
BITS3827,2,64,No,9,0
BITS3828,1,50,Yes,8,5
BITS3829,6,58,Yes,7,0
BITS3830,9,67,Yes,5,7
BITS3831,3,40,No,8,2
BITS3832,6,98,Yes,6,2
BITS3833,3,44,Yes,4,0
BITS3834,1,49,No,7,2
BITS3835,5,81,No,4,6
BITS3836,4,85,No,7,9
BITS3837,7,73,No,7,7
BITS3838,6,75,No,7,7
BITS3839,7,41,Yes,4,2
BITS3840,5,57,Yes,9,4
BITS3841,4,52,Yes,6,0
BITS3842,7,90,No,9,8
BITS3843,7,44,Yes,5,7
BITS3844,6,59,No,5,9
BITS3845,8,41,No,9,1
BITS3846,4,50,Yes,6,9
BITS3847,5,69,Yes,6,0
BITS3848,4,71,No,7,3
BITS3849,1,71,No,7,8
BITS3850,8,97,Yes,5,7
BITS3851,1,89,Yes,7,2
BITS3852,5,77,No,7,9
BITS3853,6,94,No,6,5
BITS3854,6,67,No,4,8
BITS3855,5,49,No,9,9
BITS3856,3,61,Yes,8,7
BITS3857,5,94,Yes,8,9
BITS3858,8,,No,7,4
BITS3859,2,61,No,7,8
BITS3860,6,82,Yes,9,8
BITS3861,9,58,No,8,2
BITS3862,8,56,No,6,7
BITS3863,8,63,No,8,3
BITS3864,8,75,No,8,9
BITS3865,7,71,No,8,6
BITS3866,8,97,No,7,9
BITS3867,6,95,Yes,7,7
BITS3868,2,97,No,9,6
BITS3869,2,85,Yes,8,4
BITS3870,8,98,Yes,7,0
BITS3871,1,91,Yes,9,7
BITS3872,6,75,No,8,4
BITS3873,6,67,No,6,2
BITS3874,4,53,No,7,1
BITS3875,3,97,Yes,4,2
BITS3876,3,75,Yes,9,8
BITS3877,1,45,No,7,1
BITS3878,3,48,No,6,9
BITS3879,4,60,Yes,6,0
BITS3880,5,51,Yes,7,1
BITS3881,3,97,Yes,5,1
BITS3882,6,69,No,9,4
BITS3883,5,70,Yes,8,0
BITS3884,3,79,Yes,8,9
BITS3885,6,95,Yes,6,7
BITS3886,6,43,No,7,1
BITS3887,8,70,No,5,5
BITS3888,2,66,No,9,4
BITS3889,1,97,Yes,4,1
BITS3890,4,96,Yes,8,9
BITS3891,7,64,Yes,9,0
BITS3892,3,44,Yes,9,5
BITS3893,3,45,No,5,5
BITS3894,5,44,Yes,9,2
BITS3895,5,90,Yes,8,7
BITS3896,3,66,No,7,8
BITS3897,9,47,Yes,8,2
BITS3898,4,48,Yes,4,8
BITS3899,3,54,Yes,7,7
BITS3900,2,75,No,6,4
BITS3901,9,96,Yes,5,5
BITS3902,4,80,No,8,0
BITS3903,3,46,Yes,7,4
BITS3904,7,71,No,9,9
BITS3905,8,47,No,7,9
BITS3906,2,86,No,8,6
BITS3907,7,90,Yes,6,0
BITS3908,5,54,Yes,8,9
BITS3909,5,76,No,6,8
BITS3910,3,58,No,9,6
BITS3911,5,78,Yes,8,3
BITS3912,2,45,No,7,3
BITS3913,4,98,Yes,4,9
BITS3914,6,58,Yes,4,6
BITS3915,1,96,No,9,5
BITS3916,4,67,No,7,2
BITS3917,6,56,Yes,4,8
BITS3918,9,81,Yes,9,5
BITS3919,2,58,Yes,6,1
BITS3920,7,70,No,7,9
BITS3921,6,50,Yes,6,1
BITS3922,2,54,No,7,0
BITS3923,8,49,No,6,4
BITS3924,7,82,Yes,6,9
BITS3925,5,62,No,4,5
BITS3926,5,42,No,7,2
BITS3927,7,42,No,8,3
BITS3928,9,57,No,4,4
BITS3929,9,64,Yes,6,3
BITS3930,9,82,Yes,6,8
BITS3931,6,59,No,8,2
BITS3932,6,97,No,8,4
BITS3933,3,68,No,6,6
BITS3934,1,61,No,8,6
BITS3935,7,89,No,5,5
BITS3936,4,96,Yes,4,8
BITS3937,1,54,Yes,7,6
BITS3938,8,78,Yes,8,3
BITS3939,6,49,Yes,8,9
BITS3940,6,60,No,5,8
BITS3941,2,94,No,7,5
BITS3942,1,91,Yes,5,0
BITS3943,2,68,Yes,7,8
BITS3944,4,71,Yes,4,6
BITS3945,2,49,No,8,5
BITS3946,1,52,No,4,5
BITS3947,7,86,No,7,3
BITS3948,8,62,Yes,8,3
BITS3949,6,89,Yes,5,2
BITS3950,4,62,No,6,7
BITS3951,6,70,No,5,7
BITS3952,3,43,No,6,1
BITS3953,8,91,Yes,5,4
BITS3954,2,88,No,7,8
BITS3955,5,99,No,4,8
BITS3956,1,42,Yes,6,6
BITS3957,6,60,No,7,3
BITS3958,2,92,No,4,3
BITS3959,4,41,No,4,9
BITS3960,6,43,No,8,6
BITS3961,8,40,Yes,8,2
BITS3962,8,54,No,8,2
BITS3963,6,96,Yes,6,4
BITS3964,4,72,No,6,5
BITS3965,8,45,Yes,4,7
BITS3966,8,46,No,6,0
BITS3967,1,58,No,4,6
BITS3968,4,83,Yes,7,7
BITS3969,4,40,No,5,4
BITS3970,7,78,No,4,9
BITS3971,7,58,Yes,4,1
BITS3972,8,84,No,7,3
BITS3973,5,65,No,8,5
BITS3974,,83,No,9,8
BITS3975,8,51,No,8,1
BITS3976,9,61,No,8,3
BITS3977,3,52,Yes,4,9
BITS3978,3,67,Yes,4,4
BITS3979,4,53,No,6,7
BITS3980,5,61,No,6,7
BITS3981,1,69,Yes,5,1
BITS3982,7,83,Yes,5,5
BITS3983,9,59,Yes,9,5
BITS3984,8,83,Yes,6,4
BITS3985,5,66,Yes,4,7
BITS3986,4,77,Yes,7,9
BITS3987,7,98,No,6,1
BITS3988,5,81,No,4,1
BITS3989,7,91,No,6,6
BITS3990,1,95,No,8,8
BITS3991,1,80,No,6,2
BITS3992,3,73,Yes,9,6
BITS3993,2,78,Yes,8,2
BITS3994,2,80,Yes,4,5
BITS3995,7,96,Yes,8,2
BITS3996,2,83,Yes,6,0
BITS3997,4,76,Yes,8,5
BITS3998,2,40,No,9,2
BITS3999,6,93,No,7,0
BITS4000,8,,Yes,8,4
BITS4001,4,71,No,9,7
BITS4002,5,47,Yes,8,7
BITS4003,4,72,No,5,7
BITS4004,3,57,Yes,7,2
BITS4005,5,84,Yes,4,7
BITS4006,9,68,No,9,3
BITS4007,8,71,Yes,8,7
BITS4008,8,72,No,7,2
BITS4009,8,44,No,4,2
BITS4010,8,57,Yes,7,0
BITS4011,7,87,Yes,9,7
BITS4012,8,97,Yes,5,7
BITS4013,8,49,No,9,8
BITS4014,8,75,No,9,5
BITS4015,7,72,Yes,4,1
BITS4016,1,62,Yes,4,0
BITS4017,4,79,Yes,8,7
BITS4018,4,44,Yes,6,9
BITS4019,5,73,Yes,9,3
BITS4020,6,63,Yes,4,6
BITS4021,4,56,Yes,9,9
BITS4022,2,70,No,9,3
BITS4023,6,46,No,4,0
BITS4024,8,56,Yes,5,7
BITS4025,8,67,Yes,5,9
BITS4026,7,77,No,9,8
BITS4027,6,61,Yes,5,9
BITS4028,2,54,No,9,8
BITS4029,7,76,No,8,8
BITS4030,5,54,Yes,4,3
BITS4031,6,89,No,9,8
BITS4032,8,89,No,5,3
BITS4033,8,64,Yes,5,1
BITS4034,3,92,Yes,7,9
BITS4035,7,60,No,7,2
BITS4036,1,94,Yes,5,1
BITS4037,1,77,No,8,0
BITS4038,7,41,No,6,5
BITS4039,9,66,No,9,3
BITS4040,7,88,No,7,6
BITS4041,5,71,No,9,6
BITS4042,8,60,No,7,9
BITS4043,2,43,Yes,4,0
BITS4044,9,83,Yes,4,8
BITS4045,6,58,Yes,5,7
BITS4046,9,41,Yes,4,9
BITS4047,2,65,No,4,0
BITS4048,3,73,No,6,7
BITS4049,8,53,No,8,4
BITS4050,1,54,No,5,0
BITS4051,7,59,No,6,3
BITS4052,7,73,Yes,5,6
BITS4053,1,75,Yes,8,4
BITS4054,9,58,Yes,5,2
BITS4055,8,48,No,9,3
BITS4056,4,46,No,9,1
BITS4057,5,69,Yes,9,7
BITS4058,2,52,No,4,1
BITS4059,9,66,No,8,5
BITS4060,6,83,Yes,6,6
BITS4061,3,74,No,6,6
BITS4062,7,52,Yes,7,0
BITS4063,9,54,Yes,6,7
BITS4064,3,85,Yes,9,8
BITS4065,2,95,Yes,9,6
BITS4066,7,48,No,7,7
BITS4067,7,84,No,4,3
BITS4068,4,62,No,6,7
BITS4069,9,93,Yes,8,2
BITS4070,8,75,No,7,0
BITS4071,1,92,Yes,6,7
BITS4072,1,79,No,4,5
BITS4073,5,42,No,8,8
BITS4074,6,73,Yes,8,2
BITS4075,3,58,No,4,7
BITS4076,9,67,Yes,6,8
BITS4077,6,62,Yes,5,8
BITS4078,4,79,No,6,6
BITS4079,7,88,No,7,9
BITS4080,8,84,No,7,2
BITS4081,9,46,No,6,2
BITS4082,6,80,Yes,9,1
BITS4083,6,51,Yes,7,0
BITS4084,8,53,No,5,1
BITS4085,5,85,No,9,4
BITS4086,3,54,No,5,0
BITS4087,3,42,Yes,8,9
BITS4088,6,54,No,7,3
BITS4089,2,90,Yes,9,9
BITS4090,6,63,No,6,9
BITS4091,6,91,No,9,0
BITS4092,8,85,Yes,8,9
BITS4093,7,47,Yes,5,7
BITS4094,8,44,No,8,4
BITS4095,9,90,Yes,4,9
BITS4096,6,43,Yes,7,3
BITS4097,3,53,No,6,2
BITS4098,3,55,Yes,5,8
BITS4099,1,59,Yes,8,5
BITS4100,5,63,No,6,0
BITS4101,4,45,No,7,7
BITS4102,9,94,Yes,6,9
BITS4103,9,96,No,7,1
BITS4104,5,70,Yes,7,8
BITS4105,4,45,Yes,7,6
BITS4106,7,74,Yes,8,2
BITS4107,6,54,No,7,3
BITS4108,4,68,Yes,6,2
BITS4109,2,42,Yes,4,5
BITS4110,1,50,Yes,6,8
BITS4111,4,42,No,8,9
BITS4112,4,67,No,7,8
BITS4113,1,49,No,4,0
BITS4114,6,89,Yes,8,9
BITS4115,4,72,Yes,5,5
BITS4116,1,87,No,5,0
BITS4117,1,55,Yes,5,3
BITS4118,1,98,Yes,4,6
BITS4119,8,49,Yes,6,3
BITS4120,8,72,Yes,4,8
BITS4121,2,75,No,4,9
BITS4122,7,42,No,4,4
BITS4123,8,44,No,5,8
BITS4124,8,51,Yes,9,0
BITS4125,7,96,Yes,6,3
BITS4126,5,83,No,9,6
BITS4127,1,52,No,9,1
BITS4128,9,63,No,4,8
BITS4129,7,83,Yes,6,2
BITS4130,2,96,No,9,3
BITS4131,6,71,Yes,7,3
BITS4132,2,55,No,4,7
BITS4133,1,71,Yes,4,1
BITS4134,7,84,Yes,4,4
BITS4135,2,76,No,7,1
BITS4136,2,95,Yes,7,5
BITS4137,5,75,Yes,5,8
BITS4138,5,60,No,8,8
BITS4139,7,86,No,6,0
BITS4140,1,51,No,8,3
BITS4141,8,90,Yes,4,3
BITS4142,3,60,Yes,9,0
BITS4143,4,99,No,4,9
BITS4144,9,90,No,9,1
BITS4145,4,60,Yes,5,5
BITS4146,5,82,No,8,9
BITS4147,7,92,No,4,2
BITS4148,4,45,Yes,8,8
BITS4149,1,48,Yes,5,2
BITS4150,9,40,No,8,2
BITS4151,4,51,Yes,9,8
BITS4152,9,97,Yes,6,2
BITS4153,6,53,No,5,5
BITS4154,1,45,No,8,5
BITS4155,3,40,No,4,0
BITS4156,2,61,Yes,7,6
BITS4157,9,73,No,7,8
BITS4158,1,95,Yes,5,8
BITS4159,9,50,No,7,8
BITS4160,9,42,Yes,6,1
BITS4161,8,81,Yes,5,0
BITS4162,8,45,No,4,5
BITS4163,1,45,Yes,4,5
BITS4164,8,59,No,5,3
BITS4165,3,60,No,7,7
BITS4166,7,41,Yes,7,4
BITS4167,1,65,Yes,4,6
BITS4168,1,70,Yes,6,8
BITS4169,5,65,No,9,0
BITS4170,5,95,No,7,8
BITS4171,8,71,No,6,3
BITS4172,7,49,No,7,6
BITS4173,8,62,No,9,3
BITS4174,6,97,No,5,3
BITS4175,6,45,Yes,8,3
BITS4176,2,62,No,4,5
BITS4177,6,67,No,5,4
BITS4178,5,88,No,7,1
BITS4179,3,69,No,9,8
BITS4180,6,53,Yes,4,5
BITS4181,8,76,Yes,8,9
BITS4182,9,94,Yes,8,5
BITS4183,1,71,No,9,8
BITS4184,3,88,No,9,0
BITS4185,3,73,No,7,6
BITS4186,8,80,Yes,4,2
BITS4187,1,83,No,7,3
BITS4188,5,90,No,8,0
BITS4189,3,61,Yes,5,2
BITS4190,2,70,Yes,5,6
BITS4191,8,46,No,6,5
BITS4192,3,80,Yes,8,0
BITS4193,7,60,No,8,8
BITS4194,1,55,No,7,3
BITS4195,6,59,Yes,6,6
BITS4196,3,82,No,9,3
BITS4197,8,83,Yes,6,6
BITS4198,6,86,Yes,4,4
BITS4199,2,89,No,7,0
BITS4200,6,58,Yes,9,3
BITS4201,7,87,No,9,2
BITS4202,5,71,No,5,5
BITS4203,3,54,Yes,4,5
BITS4204,4,44,Yes,6,0
BITS4205,4,50,Yes,5,1
BITS4206,6,54,No,8,1
BITS4207,1,68,No,7,9
BITS4208,4,89,No,6,3
BITS4209,4,84,No,8,8
BITS4210,1,43,No,9,1
BITS4211,9,88,No,6,7
BITS4212,4,75,No,5,0
BITS4213,7,87,Yes,4,7
BITS4214,3,62,No,5,2
BITS4215,3,54,No,7,4
BITS4216,8,85,Yes,7,0
BITS4217,8,83,No,6,0
BITS4218,1,42,No,5,5
BITS4219,2,71,Yes,4,2
BITS4220,8,49,No,9,7
BITS4221,1,79,Yes,7,3
BITS4222,8,77,No,4,5
BITS4223,8,61,No,8,9
BITS4224,2,53,Yes,6,8
BITS4225,4,56,Yes,4,7
BITS4226,6,60,No,6,3
BITS4227,9,90,No,8,9
BITS4228,8,87,Yes,4,7
BITS4229,8,54,No,4,6
BITS4230,7,97,Yes,9,4
BITS4231,9,54,Yes,8,6
BITS4232,2,40,Yes,5,6
BITS4233,3,63,No,4,9
BITS4234,8,94,No,9,1
BITS4235,6,94,No,4,6
BITS4236,9,51,Yes,9,2
BITS4237,4,49,No,7,7
BITS4238,8,85,Yes,5,7
BITS4239,3,81,Yes,4,8
BITS4240,3,81,No,8,3
BITS4241,8,91,No,6,9
BITS4242,5,70,Yes,8,2
BITS4243,3,50,No,5,8
BITS4244,1,93,Yes,7,8
BITS4245,3,55,No,7,1
BITS4246,9,48,Yes,7,5
BITS4247,5,86,No,9,2
BITS4248,2,53,Yes,8,4
BITS4249,7,58,No,6,1
BITS4250,2,70,Yes,6,3
BITS4251,4,48,Yes,9,2
BITS4252,7,75,Yes,4,1
BITS4253,4,92,Yes,9,5
BITS4254,7,78,Yes,6,2
BITS4255,7,93,Yes,6,3
BITS4256,1,65,No,4,5
BITS4257,6,47,Yes,8,4
BITS4258,9,63,Yes,8,3
BITS4259,2,47,No,5,3
BITS4260,3,58,No,8,1
BITS4261,5,86,Yes,7,9
BITS4262,9,87,No,7,3
BITS4263,4,69,No,5,7
BITS4264,1,97,Yes,6,4
BITS4265,4,61,Yes,5,9
BITS4266,6,94,No,4,9
BITS4267,5,48,No,5,7
BITS4268,1,97,No,5,5
BITS4269,4,97,No,9,9
BITS4270,6,83,No,7,4
BITS4271,4,87,No,4,3
BITS4272,9,43,Yes,9,9
BITS4273,5,76,No,4,8
BITS4274,8,47,Yes,5,9
BITS4275,9,40,Yes,9,4
BITS4276,5,67,No,9,9
BITS4277,6,45,Yes,4,5
BITS4278,1,86,No,4,6
BITS4279,7,75,Yes,8,0
BITS4280,4,92,No,4,8
BITS4281,2,50,Yes,9,7
BITS4282,5,44,No,6,4
BITS4283,3,89,Yes,4,2
BITS4284,6,63,No,7,4
BITS4285,8,86,Yes,8,4
BITS4286,7,57,Yes,7,8
BITS4287,3,59,Yes,7,6
BITS4288,8,67,No,6,1
BITS4289,2,52,No,8,4
BITS4290,9,44,No,5,8
BITS4291,4,69,No,9,1
BITS4292,1,40,No,9,7
BITS4293,8,61,Yes,4,2
BITS4294,7,57,No,9,3
BITS4295,5,85,No,6,1
BITS4296,5,44,Yes,9,8
BITS4297,7,70,No,6,5
BITS4298,5,45,No,5,8
BITS4299,8,66,No,6,7
BITS4300,6,95,No,5,8
BITS4301,5,64,No,5,4
BITS4302,9,68,No,5,5
BITS4303,2,67,Yes,6,6
BITS4304,1,55,No,5,4
BITS4305,8,93,No,6,0
BITS4306,3,92,No,8,8
BITS4307,7,51,Yes,5,1
BITS4308,8,59,Yes,6,6
BITS4309,6,57,Yes,6,7
BITS4310,9,73,Yes,6,7
BITS4311,7,94,No,4,0
BITS4312,5,92,Yes,4,9
BITS4313,8,62,No,5,6
BITS4314,2,84,No,9,8
BITS4315,7,66,No,8,2
BITS4316,4,88,Yes,9,7
BITS4317,9,56,No,5,7
BITS4318,1,87,Yes,7,8
BITS4319,7,60,No,7,7
BITS4320,6,89,Yes,8,4
BITS4321,8,79,Yes,8,4
BITS4322,5,70,No,8,2
BITS4323,1,42,No,4,5
BITS4324,1,56,No,4,9
BITS4325,9,89,Yes,7,2
BITS4326,6,97,Yes,8,1
BITS4327,5,65,Yes,6,6
BITS4328,1,62,No,9,9
BITS4329,6,45,Yes,7,2
BITS4330,6,67,No,8,3
BITS4331,3,47,Yes,6,9
BITS4332,8,94,Yes,8,7
BITS4333,1,97,Yes,5,0
BITS4334,1,84,No,6,8
BITS4335,6,47,No,9,5
BITS4336,1,58,No,5,1
BITS4337,6,77,Yes,4,2
BITS4338,1,68,Yes,7,4
BITS4339,6,62,Yes,8,5
BITS4340,3,86,Yes,7,8
BITS4341,8,71,No,9,1
BITS4342,6,49,Yes,8,4
BITS4343,1,66,Yes,5,6
BITS4344,5,88,No,6,6
BITS4345,8,40,No,6,3
BITS4346,3,78,No,8,2
BITS4347,6,68,Yes,5,7
BITS4348,5,98,No,8,1
BITS4349,6,84,Yes,8,4
BITS4350,1,42,No,8,9
BITS4351,7,90,Yes,6,4
BITS4352,9,86,Yes,9,0
BITS4353,2,76,Yes,8,6
BITS4354,5,70,Yes,6,3
BITS4355,4,50,Yes,4,9
BITS4356,6,61,Yes,5,1
BITS4357,6,57,No,4,7
BITS4358,2,74,Yes,8,3
BITS4359,2,45,Yes,6,0
BITS4360,4,42,Yes,5,7
BITS4361,1,44,Yes,7,6
BITS4362,9,48,No,5,2
BITS4363,7,67,Yes,5,2
BITS4364,7,58,Yes,8,6
BITS4365,3,67,No,4,1
BITS4366,3,66,Yes,4,4
BITS4367,1,52,No,7,6
BITS4368,3,77,Yes,8,5
BITS4369,3,82,Yes,5,9
BITS4370,4,92,No,9,6
BITS4371,4,60,No,4,1
BITS4372,3,66,No,4,6
BITS4373,8,85,Yes,6,1
BITS4374,8,45,No,5,6
BITS4375,1,77,No,8,7
BITS4376,7,88,Yes,4,9
BITS4377,2,50,Yes,8,7
BITS4378,1,86,Yes,5,4
BITS4379,3,80,No,5,6
BITS4380,4,92,Yes,4,7
BITS4381,6,56,No,7,3
BITS4382,5,95,No,8,1
BITS4383,4,78,No,8,6
BITS4384,8,46,No,6,0
BITS4385,4,69,Yes,5,1
BITS4386,2,60,Yes,5,9
BITS4387,3,40,No,4,6
BITS4388,6,64,No,4,9
BITS4389,8,71,Yes,4,0
BITS4390,8,98,Yes,6,6
BITS4391,9,96,No,7,4
BITS4392,7,47,No,4,2
BITS4393,2,44,No,4,1
BITS4394,8,69,No,9,6
BITS4395,7,90,No,4,8
BITS4396,8,47,Yes,6,8
BITS4397,3,88,No,8,9
BITS4398,7,58,Yes,7,9
BITS4399,9,83,No,8,7
BITS4400,3,98,Yes,9,1
BITS4401,6,94,No,5,0
BITS4402,2,69,Yes,5,7
BITS4403,2,54,Yes,4,1
BITS4404,5,75,No,9,3
BITS4405,5,94,No,8,3
BITS4406,7,83,Yes,6,1
BITS4407,2,66,Yes,7,3
BITS4408,7,52,Yes,8,6
BITS4409,5,53,No,9,5
BITS4410,6,76,Yes,9,9
BITS4411,8,93,No,8,5
BITS4412,4,87,No,7,3
BITS4413,7,69,No,8,1
BITS4414,6,78,No,8,4
BITS4415,2,86,No,7,2
BITS4416,8,52,No,6,2
BITS4417,9,97,Yes,9,3
BITS4418,5,55,Yes,7,4
BITS4419,4,83,No,4,1
BITS4420,6,46,Yes,4,5
BITS4421,8,87,Yes,4,5
BITS4422,3,94,No,4,7
BITS4423,1,94,Yes,5,1
BITS4424,4,66,No,6,7
BITS4425,4,84,No,5,7
BITS4426,1,94,No,8,3
BITS4427,9,74,No,8,6
BITS4428,3,54,Yes,7,6
BITS4429,5,67,Yes,4,0
BITS4430,6,74,No,7,0
BITS4431,8,46,Yes,8,7
BITS4432,6,89,No,4,0
BITS4433,3,85,No,9,2
BITS4434,6,89,Yes,6,5
BITS4435,1,90,Yes,8,7
BITS4436,4,85,No,9,4
BITS4437,6,59,Yes,7,4
BITS4438,7,71,No,9,3
BITS4439,3,77,No,7,3
BITS4440,9,79,Yes,8,6
BITS4441,7,71,No,5,5
BITS4442,1,65,Yes,6,7
BITS4443,2,97,No,9,5
BITS4444,1,78,No,9,9
BITS4445,9,59,No,8,6
BITS4446,9,57,No,8,9
BITS4447,7,89,No,7,9
BITS4448,3,54,Yes,4,4
BITS4449,5,91,No,4,5
BITS4450,4,61,Yes,4,0
BITS4451,7,90,Yes,7,2
BITS4452,9,61,Yes,4,7
BITS4453,2,92,No,8,2
BITS4454,8,60,Yes,5,0
BITS4455,9,41,Yes,5,2
BITS4456,9,79,Yes,5,3
BITS4457,7,92,No,4,7
BITS4458,9,82,No,5,8
BITS4459,9,57,No,9,3
BITS4460,3,62,No,4,6
BITS4461,4,52,Yes,9,0
BITS4462,2,80,No,8,8
BITS4463,3,48,Yes,9,3
BITS4464,5,88,No,8,8
BITS4465,5,46,Yes,7,2
BITS4466,6,80,No,7,4
BITS4467,7,93,No,9,0
BITS4468,7,40,No,6,2
BITS4469,1,41,No,8,4
BITS4470,2,43,Yes,4,5
BITS4471,9,53,No,6,7
BITS4472,2,71,No,8,0
BITS4473,6,75,No,4,2
BITS4474,1,41,Yes,8,0
BITS4475,3,79,No,8,4
BITS4476,2,89,No,4,7
BITS4477,3,90,Yes,8,3
BITS4478,5,53,Yes,8,8
BITS4479,6,59,Yes,8,5
BITS4480,9,64,No,7,5
BITS4481,4,81,Yes,5,4
BITS4482,7,88,No,8,9
BITS4483,6,47,Yes,4,4
BITS4484,2,67,No,9,6
BITS4485,8,85,Yes,8,7
BITS4486,7,60,Yes,7,6
BITS4487,7,62,Yes,7,0
BITS4488,8,71,No,9,0
BITS4489,1,47,Yes,8,9
BITS4490,1,70,No,6,5
BITS4491,8,76,Yes,9,2
BITS4492,4,55,Yes,5,8
BITS4493,5,79,Yes,4,6
BITS4494,8,81,No,4,1
BITS4495,5,66,No,4,2
BITS4496,4,79,No,4,7
BITS4497,6,80,Yes,7,0
BITS4498,5,57,No,5,4
BITS4499,7,74,No,8,9
BITS4500,7,88,Yes,8,0
BITS4501,4,91,Yes,6,8
BITS4502,5,54,No,8,6
BITS4503,3,92,No,5,4
BITS4504,4,66,Yes,8,5
BITS4505,4,56,No,7,2
BITS4506,3,79,Yes,9,2
BITS4507,5,41,Yes,8,6
BITS4508,5,88,No,4,6
BITS4509,7,89,No,4,6
BITS4510,4,70,Yes,9,1
BITS4511,4,76,No,4,1
BITS4512,9,80,Yes,4,4
BITS4513,6,80,No,7,3
BITS4514,4,73,Yes,7,6
BITS4515,2,73,No,7,2
BITS4516,6,90,No,8,4
BITS4517,2,94,Yes,9,1
BITS4518,5,98,No,4,0
BITS4519,6,42,Yes,6,8
BITS4520,4,56,No,9,3
BITS4521,3,53,No,6,7
BITS4522,7,53,,4,6
BITS4523,2,85,No,5,0
BITS4524,6,77,Yes,9,9
BITS4525,4,74,Yes,8,6
BITS4526,6,40,No,6,1
BITS4527,4,87,Yes,9,2
BITS4528,4,68,Yes,9,0
BITS4529,4,43,No,7,6
BITS4530,9,72,Yes,5,2
BITS4531,7,56,Yes,7,5
BITS4532,3,67,No,5,6
BITS4533,3,89,No,5,2
BITS4534,6,65,No,8,1
BITS4535,6,47,No,9,8
BITS4536,4,73,Yes,7,8
BITS4537,9,98,No,7,6
BITS4538,4,57,Yes,6,4
BITS4539,9,70,Yes,9,3
BITS4540,4,98,No,4,3
BITS4541,2,66,Yes,4,0
BITS4542,2,55,Yes,6,3
BITS4543,5,97,Yes,5,6
BITS4544,4,49,No,6,4
BITS4545,7,79,Yes,6,8
BITS4546,5,51,No,7,3
BITS4547,6,61,No,6,2
BITS4548,4,55,Yes,5,5
BITS4549,2,51,Yes,4,3
BITS4550,9,50,No,8,1
BITS4551,7,59,No,9,4
BITS4552,4,90,No,6,3
BITS4553,3,40,No,9,4
BITS4554,3,66,No,6,8
BITS4555,9,42,Yes,9,3
BITS4556,5,51,No,7,5
BITS4557,3,69,Yes,7,3
BITS4558,5,48,No,9,0
BITS4559,2,92,Yes,6,1
BITS4560,4,93,No,6,5
BITS4561,2,76,Yes,5,7
BITS4562,2,40,Yes,4,8
BITS4563,8,81,No,4,3
BITS4564,1,88,Yes,8,5
BITS4565,7,43,No,4,2
BITS4566,5,54,No,8,8
BITS4567,8,90,Yes,7,7
BITS4568,1,66,Yes,8,0
BITS4569,7,47,No,8,1
BITS4570,5,99,No,4,9
BITS4571,4,99,No,6,8
BITS4572,7,62,Yes,7,9
BITS4573,2,54,Yes,5,2
BITS4574,1,66,No,8,2
BITS4575,1,70,Yes,8,9
BITS4576,1,78,Yes,9,8
BITS4577,5,86,Yes,8,2
BITS4578,7,47,No,6,9
BITS4579,2,69,No,5,4
BITS4580,8,97,Yes,9,5
BITS4581,4,94,Yes,4,2
BITS4582,3,81,No,7,9
BITS4583,8,57,Yes,6,7
BITS4584,2,43,No,5,1
BITS4585,3,86,No,7,5
BITS4586,3,82,No,4,1
BITS4587,1,61,No,7,8
BITS4588,6,42,No,9,5
BITS4589,2,54,No,8,8
BITS4590,1,74,No,8,3
BITS4591,2,86,Yes,6,2
BITS4592,6,77,No,7,1
BITS4593,4,72,Yes,8,7
BITS4594,6,53,Yes,6,3
BITS4595,9,87,Yes,6,1
BITS4596,8,40,No,9,8
BITS4597,1,92,Yes,6,7
BITS4598,8,88,No,4,4
BITS4599,9,65,No,8,7
BITS4600,6,47,Yes,8,4
BITS4601,5,89,Yes,5,6
BITS4602,6,55,Yes,4,4
BITS4603,6,77,Yes,8,4
BITS4604,9,49,No,9,3
BITS4605,4,81,Yes,8,4
BITS4606,2,76,Yes,5,6
BITS4607,9,65,Yes,7,2
BITS4608,2,67,Yes,7,3
BITS4609,9,51,Yes,4,7
BITS4610,2,59,No,6,5
BITS4611,8,88,No,5,7
BITS4612,9,53,No,5,1
BITS4613,9,85,Yes,8,8
BITS4614,9,74,Yes,9,6
BITS4615,2,68,No,8,4
BITS4616,4,51,No,9,6
BITS4617,7,91,No,5,1
BITS4618,2,57,No,6,3
BITS4619,1,83,Yes,7,6
BITS4620,3,41,Yes,4,1
BITS4621,4,41,Yes,9,7
BITS4622,8,98,No,7,9
BITS4623,6,56,No,4,9
BITS4624,2,49,No,6,4
BITS4625,9,57,Yes,5,4
BITS4626,2,,Yes,6,7
BITS4627,5,58,No,9,0
BITS4628,4,97,Yes,5,5
BITS4629,7,92,No,8,1
BITS4630,8,40,No,4,0
BITS4631,5,63,No,8,6
BITS4632,5,75,Yes,5,3
BITS4633,2,64,No,4,0
BITS4634,8,75,No,4,9
BITS4635,2,70,Yes,8,5
BITS4636,6,70,No,4,9
BITS4637,8,41,No,5,5
BITS4638,6,58,Yes,9,2
BITS4639,4,92,No,9,5
BITS4640,4,51,No,5,9
BITS4641,6,49,,8,8
BITS4642,4,70,Yes,6,5
BITS4643,8,84,No,5,0
BITS4644,9,61,No,9,9
BITS4645,1,62,No,5,5
BITS4646,4,91,Yes,4,7
BITS4647,4,62,Yes,4,6
BITS4648,2,54,Yes,5,7
BITS4649,6,65,No,8,7
BITS4650,3,42,Yes,6,8
BITS4651,7,62,No,4,2
BITS4652,5,59,Yes,9,6
BITS4653,4,84,Yes,4,5
BITS4654,5,79,Yes,9,1
BITS4655,8,96,Yes,6,4
BITS4656,3,78,No,4,2
BITS4657,7,95,Yes,8,4
BITS4658,6,47,No,9,8
BITS4659,1,57,No,4,7
BITS4660,7,80,No,4,8
BITS4661,7,45,Yes,5,8
BITS4662,1,66,Yes,8,7
BITS4663,9,75,No,8,7
BITS4664,6,54,Yes,5,5
BITS4665,2,76,No,9,5
BITS4666,5,97,Yes,7,5
BITS4667,4,44,Yes,6,9
BITS4668,7,78,No,8,5
BITS4669,8,48,Yes,7,8
BITS4670,1,46,No,9,9
BITS4671,5,80,No,6,0
BITS4672,3,59,Yes,8,9
BITS4673,1,49,Yes,4,5
BITS4674,3,65,Yes,8,7
BITS4675,6,43,No,6,0
BITS4676,7,77,Yes,7,5
BITS4677,8,63,Yes,4,8
BITS4678,4,53,Yes,6,5
BITS4679,3,80,Yes,9,1
BITS4680,5,40,No,6,0
BITS4681,9,56,Yes,8,3
BITS4682,6,84,No,9,5
BITS4683,9,63,Yes,5,9
BITS4684,6,66,Yes,5,9
BITS4685,2,,Yes,4,8
BITS4686,5,48,No,6,4
BITS4687,9,82,No,7,6
BITS4688,8,74,Yes,4,5
BITS4689,7,97,No,9,5
BITS4690,1,51,No,4,8
BITS4691,4,60,Yes,8,4
BITS4692,7,42,Yes,9,1
BITS4693,7,54,Yes,7,7
BITS4694,6,60,Yes,6,2
BITS4695,8,49,Yes,9,8
BITS4696,6,72,Yes,6,4
BITS4697,3,85,No,6,0
BITS4698,4,98,Yes,4,3
BITS4699,3,91,Yes,8,8
BITS4700,1,45,Yes,4,0
BITS4701,5,41,Yes,5,7
BITS4702,1,68,No,5,7
BITS4703,1,94,No,6,8
BITS4704,2,79,No,8,8
BITS4705,4,72,Yes,9,5
BITS4706,6,43,Yes,6,4
BITS4707,8,98,No,9,6
BITS4708,3,43,No,6,8
BITS4709,1,68,Yes,4,4
BITS4710,3,76,Yes,6,2
BITS4711,3,99,Yes,6,8
BITS4712,5,99,Yes,8,9
BITS4713,4,59,Yes,8,0
BITS4714,4,80,No,9,0
BITS4715,9,62,Yes,8,9
BITS4716,7,84,No,6,3
BITS4717,4,57,Yes,8,1
BITS4718,3,88,No,8,6
BITS4719,6,64,No,7,1
BITS4720,3,40,No,7,6
BITS4721,6,93,Yes,5,7
BITS4722,9,54,Yes,4,7
BITS4723,6,73,Yes,4,2
BITS4724,4,87,No,8,8
BITS4725,5,59,No,5,9
BITS4726,6,93,Yes,5,9
BITS4727,3,76,No,9,9
BITS4728,8,66,No,7,5
BITS4729,4,61,No,5,3
BITS4730,8,90,No,6,7
BITS4731,3,44,Yes,9,3
BITS4732,7,73,No,8,3
BITS4733,9,78,Yes,6,7
BITS4734,4,42,No,4,3
BITS4735,8,56,No,7,0
BITS4736,3,63,Yes,6,5
BITS4737,7,63,No,8,7
BITS4738,3,42,Yes,6,2
BITS4739,7,84,Yes,6,1
BITS4740,6,46,Yes,5,5
BITS4741,2,64,Yes,7,0
BITS4742,3,95,Yes,4,4
BITS4743,6,42,Yes,8,
BITS4744,4,54,Yes,9,7
BITS4745,6,68,No,9,6
BITS4746,1,89,Yes,8,5
BITS4747,1,68,No,4,1
BITS4748,3,49,No,8,7
BITS4749,8,71,No,5,7
BITS4750,8,62,Yes,9,4
BITS4751,4,78,Yes,9,2
BITS4752,6,48,No,6,7
BITS4753,8,76,Yes,5,4
BITS4754,7,91,No,9,2
BITS4755,7,79,No,5,8
BITS4756,4,53,No,5,8
BITS4757,9,43,Yes,4,6
BITS4758,6,59,No,9,7
BITS4759,3,67,Yes,7,4
BITS4760,5,53,No,4,4
BITS4761,5,83,Yes,4,4
BITS4762,5,73,No,5,1
BITS4763,8,52,Yes,7,2
BITS4764,9,70,No,4,7
BITS4765,9,72,Yes,7,5
BITS4766,6,91,Yes,9,8
BITS4767,6,78,Yes,5,6
BITS4768,9,67,No,4,5
BITS4769,4,64,No,7,3
BITS4770,6,71,No,8,6
BITS4771,4,48,Yes,4,3
BITS4772,1,67,Yes,4,6
BITS4773,7,97,No,4,4
BITS4774,6,70,No,7,1
BITS4775,9,56,Yes,6,6
BITS4776,7,92,No,9,7
BITS4777,7,62,Yes,4,9
BITS4778,2,52,Yes,8,1
BITS4779,9,94,Yes,8,5
BITS4780,9,49,No,5,3
BITS4781,6,55,Yes,6,4
BITS4782,3,45,No,6,0
BITS4783,1,87,Yes,7,5
BITS4784,4,50,No,5,7
BITS4785,3,97,No,7,1
BITS4786,1,91,Yes,5,0
BITS4787,3,42,Yes,9,8
BITS4788,4,67,Yes,6,1
BITS4789,8,80,Yes,9,7
BITS4790,9,54,No,7,4
BITS4791,3,99,No,5,1
BITS4792,6,52,No,6,4
BITS4793,5,81,No,6,8
BITS4794,6,91,No,4,5
BITS4795,4,95,Yes,7,2
BITS4796,6,84,Yes,4,7
BITS4797,7,56,No,6,0
BITS4798,9,46,Yes,7,8
BITS4799,7,67,Yes,7,8
BITS4800,6,77,Yes,9,3
BITS4801,1,52,Yes,8,7
BITS4802,2,99,Yes,5,2
BITS4803,1,56,Yes,8,5
BITS4804,9,54,No,8,9
BITS4805,9,75,Yes,6,9
BITS4806,7,67,Yes,9,7
BITS4807,2,54,No,5,8
BITS4808,6,85,No,8,7
BITS4809,4,92,No,8,8
BITS4810,1,50,Yes,7,3
BITS4811,1,95,No,6,9
BITS4812,5,70,Yes,8,0
BITS4813,2,43,No,5,6
BITS4814,4,74,Yes,4,9
BITS4815,1,73,Yes,4,3
BITS4816,4,91,No,6,0
BITS4817,6,66,Yes,4,2
BITS4818,4,49,Yes,7,6
BITS4819,1,69,Yes,7,2
BITS4820,7,,Yes,5,0
BITS4821,2,59,No,9,6
BITS4822,9,68,No,6,7
BITS4823,3,97,No,6,4
BITS4824,8,92,Yes,4,5
BITS4825,8,68,No,8,2
BITS4826,3,62,No,8,4
BITS4827,4,96,Yes,9,2
BITS4828,2,89,No,8,1
BITS4829,4,60,No,9,6
BITS4830,9,87,No,5,9
BITS4831,2,82,Yes,6,6
BITS4832,3,49,No,4,7
BITS4833,4,80,No,5,0
BITS4834,5,51,No,7,1
BITS4835,1,69,Yes,7,1
BITS4836,7,90,Yes,7,2
BITS4837,7,72,No,9,6
BITS4838,9,57,No,9,6
BITS4839,4,53,No,6,6
BITS4840,6,61,Yes,7,0
BITS4841,2,60,Yes,9,1
BITS4842,4,40,No,9,7
BITS4843,2,88,No,8,8
BITS4844,5,82,Yes,9,9
BITS4845,7,91,Yes,7,6
BITS4846,1,99,No,5,0
BITS4847,7,54,Yes,7,3
BITS4848,6,75,No,8,9
BITS4849,6,86,No,7,7
BITS4850,8,93,Yes,4,4
BITS4851,8,61,No,8,0
BITS4852,6,71,No,6,6
BITS4853,3,97,No,7,5
BITS4854,5,85,No,9,8
BITS4855,2,93,No,5,3
BITS4856,5,72,No,7,3
BITS4857,9,97,No,5,7
BITS4858,1,80,Yes,4,3
BITS4859,5,98,Yes,6,2
BITS4860,6,78,No,9,6
BITS4861,7,62,Yes,8,4
BITS4862,9,82,No,8,8
BITS4863,6,94,No,6,4
BITS4864,5,41,Yes,4,8
BITS4865,7,41,No,4,5
BITS4866,1,77,No,7,5
BITS4867,5,94,Yes,4,5
BITS4868,2,90,Yes,7,6
BITS4869,4,68,Yes,5,3
BITS4870,7,91,Yes,6,3
BITS4871,5,85,Yes,5,8
BITS4872,6,99,Yes,5,6
BITS4873,2,42,No,5,9
BITS4874,3,78,Yes,5,5
BITS4875,7,46,Yes,8,0
BITS4876,2,75,No,4,6
BITS4877,6,68,No,6,5
BITS4878,5,94,Yes,6,3
BITS4879,1,76,No,9,7
BITS4880,4,88,No,5,6
BITS4881,2,97,No,6,7
BITS4882,4,75,No,7,8
BITS4883,1,62,No,6,0
BITS4884,2,84,No,5,2
BITS4885,8,55,No,6,1
BITS4886,6,87,Yes,4,2
BITS4887,2,70,No,5,1
BITS4888,6,73,Yes,8,5
BITS4889,9,89,No,4,8
BITS4890,7,40,No,6,1
BITS4891,9,57,Yes,8,3
BITS4892,5,97,No,9,4
BITS4893,7,79,No,4,4
BITS4894,7,82,Yes,9,0
BITS4895,3,95,No,7,5
BITS4896,7,95,No,4,4
BITS4897,1,54,Yes,8,5
BITS4898,9,87,Yes,9,3
BITS4899,6,88,No,7,5
BITS4900,5,56,Yes,9,8
BITS4901,7,83,No,6,0
BITS4902,5,49,No,5,5
BITS4903,5,59,Yes,9,0
BITS4904,7,45,Yes,6,6
BITS4905,7,47,Yes,5,3
BITS4906,3,84,Yes,5,5
BITS4907,3,73,No,8,6
BITS4908,3,71,Yes,7,4
BITS4909,6,90,Yes,7,8
BITS4910,6,93,No,4,7
BITS4911,3,81,No,6,2
BITS4912,3,43,No,8,0
BITS4913,8,83,No,9,9
BITS4914,8,89,No,6,7
BITS4915,7,78,No,9,3
BITS4916,4,59,No,9,6
BITS4917,4,63,No,9,3
BITS4918,3,63,No,4,6
BITS4919,5,94,Yes,4,0
BITS4920,3,65,Yes,8,0
BITS4921,8,64,No,4,1
BITS4922,7,75,Yes,8,4
BITS4923,3,46,No,4,9
BITS4924,9,49,No,7,5
BITS4925,5,97,No,8,1
BITS4926,9,86,No,7,0
BITS4927,7,51,Yes,7,8
BITS4928,7,40,Yes,8,6
BITS4929,6,91,No,6,7
BITS4930,2,89,Yes,5,5
BITS4931,9,64,Yes,4,8
BITS4932,6,55,No,9,7
BITS4933,8,44,No,4,3
BITS4934,1,58,Yes,9,4
BITS4935,5,43,Yes,6,1
BITS4936,1,45,No,5,0
BITS4937,8,65,No,6,5
BITS4938,8,88,Yes,5,2
BITS4939,1,78,No,8,3
BITS4940,9,95,No,8,0
BITS4941,2,94,No,9,5
BITS4942,9,78,Yes,7,7
BITS4943,1,48,Yes,7,9
BITS4944,9,84,No,9,3
BITS4945,4,91,Yes,8,9
BITS4946,9,53,No,9,7
BITS4947,7,87,Yes,7,9
BITS4948,,94,Yes,9,2
BITS4949,5,48,Yes,8,6
BITS4950,9,54,No,,2
BITS4951,2,76,No,4,5
BITS4952,2,89,No,8,3
BITS4953,9,92,Yes,9,5
BITS4954,3,59,No,8,6
BITS4955,8,47,No,8,7
BITS4956,9,71,No,7,5
BITS4957,8,86,No,9,3
BITS4958,4,60,Yes,7,8
BITS4959,1,96,No,9,6
BITS4960,4,80,No,7,8
BITS4961,9,58,Yes,7,2
BITS4962,2,68,No,6,4
BITS4963,3,97,Yes,8,0
BITS4964,8,70,Yes,6,7
BITS4965,6,93,Yes,7,0
BITS4966,8,45,No,6,0
BITS4967,7,43,Yes,8,6
BITS4968,5,82,Yes,8,7
BITS4969,9,68,Yes,7,2
BITS4970,4,81,No,8,1
BITS4971,6,42,Yes,6,6
BITS4972,2,40,Yes,5,9
BITS4973,2,83,Yes,8,4
BITS4974,2,94,No,6,0
BITS4975,7,54,Yes,6,1
BITS4976,2,86,Yes,6,2
BITS4977,2,60,No,8,5
BITS4978,9,85,No,5,0
BITS4979,7,97,No,7,7
BITS4980,3,70,Yes,7,1
BITS4981,3,46,Yes,8,4
BITS4982,7,56,Yes,8,7
BITS4983,5,95,Yes,4,4
BITS4984,6,58,No,9,7
BITS4985,8,78,Yes,5,5
BITS4986,9,99,No,6,6
BITS4987,1,42,Yes,9,7
BITS4988,3,69,Yes,6,2
BITS4989,7,74,Yes,9,4
BITS4990,6,97,No,7,9
BITS4991,7,96,No,9,6
BITS4992,8,68,No,8,8
BITS4993,6,89,No,5,5
BITS4994,,91,Yes,7,9
BITS4995,2,93,Yes,9,0
BITS4996,7,53,Yes,5,7
BITS4997,1,74,Yes,8,5
BITS4998,3,67,Yes,6,0
BITS4999,4,97,No,4,3
BITS5000,1,69,No,5,5
BITS5001,5,65,Yes,6,9
BITS5002,3,46,Yes,5,0
BITS5003,2,78,Yes,5,9
BITS5004,3,70,Yes,5,4
BITS5005,8,44,No,8,2
BITS5006,6,74,Yes,7,6
BITS5007,7,89,Yes,5,7
BITS5008,6,86,Yes,8,2
BITS5009,6,91,Yes,4,9
BITS5010,3,53,No,7,2
BITS5011,8,75,Yes,8,2
BITS5012,7,66,No,4,5
BITS5013,7,63,No,7,5
BITS5014,6,79,Yes,8,2
BITS5015,5,68,Yes,4,5
BITS5016,8,92,Yes,8,8
BITS5017,5,84,Yes,4,7
BITS5018,9,61,Yes,5,6
BITS5019,9,47,No,5,6
BITS5020,1,54,No,7,7
BITS5021,6,88,No,4,6
BITS5022,7,44,No,5,2
BITS5023,3,91,No,7,7
BITS5024,7,43,Yes,6,7
BITS5025,7,50,Yes,5,0
BITS5026,2,57,No,5,9
BITS5027,7,81,Yes,9,4
BITS5028,1,88,Yes,8,4
BITS5029,5,69,No,6,0
BITS5030,9,54,No,4,5
BITS5031,7,45,No,7,5
BITS5032,7,94,Yes,6,3
BITS5033,2,92,No,4,5
BITS5034,8,55,No,5,5
BITS5035,3,86,Yes,9,0
BITS5036,8,79,Yes,7,4
BITS5037,3,48,No,7,1
BITS5038,7,82,Yes,6,6
BITS5039,2,98,No,8,8
BITS5040,4,73,Yes,4,8
BITS5041,6,66,No,9,8
BITS5042,9,52,Yes,9,6
BITS5043,5,75,Yes,6,6
BITS5044,9,66,Yes,8,0
BITS5045,5,48,No,8,5
BITS5046,8,44,No,8,4
BITS5047,1,90,No,7,7
BITS5048,7,61,Yes,4,7
BITS5049,4,70,Yes,4,3
BITS5050,5,42,Yes,6,0
BITS5051,6,69,No,5,5
BITS5052,5,60,Yes,6,9
BITS5053,1,74,No,4,0
BITS5054,9,45,No,7,4
BITS5055,2,67,No,6,4
BITS5056,9,71,No,5,2
BITS5057,2,81,No,9,4
BITS5058,9,76,Yes,6,5
BITS5059,6,64,Yes,8,4
BITS5060,9,71,Yes,5,0
BITS5061,6,74,Yes,8,6
BITS5062,6,61,Yes,7,2
BITS5063,2,63,Yes,4,6
BITS5064,8,78,No,6,4
BITS5065,3,93,Yes,6,2
BITS5066,7,69,No,8,5
BITS5067,5,89,No,8,0
BITS5068,3,71,No,4,5
BITS5069,1,70,No,6,3
BITS5070,8,62,No,4,3
BITS5071,3,79,Yes,8,4
BITS5072,2,72,Yes,9,8
BITS5073,1,64,Yes,8,0
BITS5074,4,75,No,5,2
BITS5075,8,63,Yes,8,3
BITS5076,3,70,Yes,8,1
BITS5077,1,97,No,9,8
BITS5078,4,78,No,4,6
BITS5079,9,85,Yes,5,0
BITS5080,1,52,No,5,8
BITS5081,2,49,No,6,5
BITS5082,9,62,No,9,1
BITS5083,2,57,Yes,7,0
BITS5084,3,71,No,6,5
BITS5085,7,72,No,6,6
BITS5086,3,75,No,6,9
BITS5087,9,67,No,5,5
BITS5088,6,55,No,4,6
BITS5089,3,55,Yes,8,5
BITS5090,9,57,Yes,5,7
BITS5091,1,47,No,8,1
BITS5092,3,81,No,8,8
BITS5093,1,55,Yes,7,8
BITS5094,2,94,Yes,6,8
BITS5095,8,95,No,7,6
BITS5096,7,50,No,6,8
BITS5097,2,45,Yes,5,0
BITS5098,2,40,No,8,2
BITS5099,9,51,No,7,1
BITS5100,6,96,Yes,9,0
BITS5101,5,77,Yes,5,4
BITS5102,6,67,Yes,5,0
BITS5103,9,84,Yes,9,2
BITS5104,7,97,No,6,5
BITS5105,9,56,No,8,5
BITS5106,4,40,No,6,2
BITS5107,2,71,No,6,3
BITS5108,8,47,Yes,5,6
BITS5109,4,93,Yes,6,5
BITS5110,9,79,No,4,1
BITS5111,4,95,No,9,8
BITS5112,8,82,No,9,5
BITS5113,9,85,Yes,8,1
BITS5114,9,63,Yes,9,6
BITS5115,4,49,Yes,6,9
BITS5116,1,86,No,6,9
BITS5117,3,78,No,7,3
BITS5118,9,78,No,8,0
BITS5119,4,49,Yes,8,9
BITS5120,5,75,No,9,8
BITS5121,7,64,Yes,6,9
BITS5122,5,99,No,4,7
BITS5123,4,89,No,7,4
BITS5124,2,98,Yes,4,2
BITS5125,2,96,Yes,6,3
BITS5126,4,49,No,8,2
BITS5127,9,58,Yes,8,9
BITS5128,8,85,Yes,4,7
BITS5129,3,84,Yes,5,4
BITS5130,9,54,Yes,6,7
BITS5131,5,55,Yes,8,0
BITS5132,3,41,No,9,8
BITS5133,5,68,No,5,9
BITS5134,4,43,No,8,2
BITS5135,8,92,No,9,0
BITS5136,5,89,Yes,8,2
BITS5137,8,68,No,5,1
BITS5138,9,70,Yes,4,6
BITS5139,4,56,No,6,9
BITS5140,7,49,No,5,3
BITS5141,2,66,Yes,5,6
BITS5142,6,92,No,8,2
BITS5143,8,80,No,9,5
BITS5144,7,54,No,5,6
BITS5145,7,99,No,6,6
BITS5146,8,83,No,4,4
BITS5147,7,70,No,9,5
BITS5148,5,60,No,4,2
BITS5149,7,99,Yes,4,3
BITS5150,3,98,No,6,5
BITS5151,5,97,No,8,2
BITS5152,7,80,No,9,6
BITS5153,9,85,No,9,2
BITS5154,2,84,No,6,8
BITS5155,4,99,No,9,3
BITS5156,7,65,Yes,5,1
BITS5157,1,77,No,7,5
BITS5158,2,90,No,7,8
BITS5159,9,75,Yes,7,9
BITS5160,7,91,Yes,4,9
BITS5161,7,56,No,9,1
BITS5162,6,90,No,6,3
BITS5163,3,42,No,9,4
BITS5164,3,53,Yes,6,8
BITS5165,2,88,Yes,9,6
BITS5166,6,52,No,4,4
BITS5167,4,80,No,5,5
BITS5168,5,66,Yes,7,8
BITS5169,3,40,Yes,7,3
BITS5170,6,96,Yes,9,1
BITS5171,3,56,Yes,4,4
BITS5172,8,87,No,7,6
BITS5173,9,89,Yes,9,3
BITS5174,4,73,Yes,8,0
BITS5175,9,53,No,9,7
BITS5176,7,93,Yes,6,4
BITS5177,3,94,No,7,9
BITS5178,7,98,Yes,7,1
BITS5179,1,56,No,8,2
BITS5180,3,42,Yes,5,9
BITS5181,6,73,No,9,9
BITS5182,4,79,No,5,4
BITS5183,7,64,Yes,9,3
BITS5184,3,41,No,8,8
BITS5185,1,73,No,5,8
BITS5186,9,65,Yes,4,7
BITS5187,6,70,No,8,1
BITS5188,8,48,No,9,4
BITS5189,3,69,Yes,6,7
BITS5190,8,59,Yes,6,7
BITS5191,2,60,No,6,6
BITS5192,4,68,No,9,3
BITS5193,3,98,No,7,2
BITS5194,1,64,No,8,7
BITS5195,7,77,No,8,7
BITS5196,2,97,Yes,5,9
BITS5197,4,83,No,8,4
BITS5198,9,64,Yes,8,2
BITS5199,6,48,Yes,5,4
BITS5200,8,78,Yes,8,3
BITS5201,2,83,Yes,8,7
BITS5202,7,65,No,4,1
BITS5203,6,96,No,,7
BITS5204,9,76,No,5,9
BITS5205,7,55,Yes,4,5
BITS5206,1,76,Yes,7,3
BITS5207,8,51,No,5,2
BITS5208,3,63,Yes,9,9
BITS5209,2,65,No,8,4
BITS5210,3,59,Yes,8,5
BITS5211,6,48,Yes,4,0
BITS5212,3,62,Yes,4,0
BITS5213,5,78,Yes,7,9
BITS5214,6,68,Yes,7,2
BITS5215,8,70,Yes,9,1
BITS5216,7,58,Yes,8,0
BITS5217,8,59,No,6,7
BITS5218,3,62,No,7,0
BITS5219,4,82,Yes,8,9
BITS5220,6,66,Yes,7,7
BITS5221,7,69,No,5,4
BITS5222,9,60,Yes,4,3
BITS5223,1,83,No,8,7
BITS5224,8,74,No,7,7
BITS5225,8,88,No,4,7
BITS5226,6,46,No,6,2
BITS5227,4,61,No,7,7
BITS5228,3,49,Yes,8,0
BITS5229,3,62,Yes,5,3
BITS5230,6,54,No,4,4
BITS5231,8,69,Yes,4,5
BITS5232,7,73,No,5,4
BITS5233,1,52,Yes,8,4
BITS5234,6,99,Yes,9,4
BITS5235,7,43,Yes,6,8
BITS5236,7,57,Yes,9,9
BITS5237,9,95,Yes,5,9
BITS5238,5,62,Yes,6,2
BITS5239,1,72,Yes,8,1
BITS5240,2,73,Yes,7,9
BITS5241,4,73,No,7,1
BITS5242,5,75,No,9,7
BITS5243,9,74,Yes,8,4
BITS5244,1,56,Yes,6,4
BITS5245,3,67,Yes,9,5
BITS5246,5,53,No,5,8
BITS5247,3,73,Yes,9,6
BITS5248,4,87,Yes,8,4
BITS5249,3,50,No,8,4
BITS5250,4,96,No,7,9
BITS5251,1,52,No,5,8
BITS5252,8,72,Yes,7,8
BITS5253,4,96,No,6,1
BITS5254,7,94,Yes,6,6
BITS5255,2,41,No,4,9
BITS5256,2,73,Yes,8,0
BITS5257,6,92,Yes,5,3
BITS5258,2,68,Yes,5,1
BITS5259,6,76,No,7,9
BITS5260,2,43,Yes,9,8
BITS5261,4,51,Yes,9,5
BITS5262,7,65,Yes,7,3
BITS5263,8,97,No,9,2
BITS5264,3,67,Yes,5,3
BITS5265,9,42,Yes,7,1
BITS5266,2,59,Yes,9,4
BITS5267,8,49,Yes,4,8
BITS5268,8,91,No,8,5
BITS5269,4,57,Yes,4,1
BITS5270,1,92,No,9,5
BITS5271,1,92,No,6,8
BITS5272,2,92,Yes,5,3
BITS5273,9,,No,4,0
BITS5274,2,70,No,4,1
BITS5275,2,66,No,7,4
BITS5276,6,81,Yes,7,9
BITS5277,7,40,No,7,6
BITS5278,7,45,No,9,7
BITS5279,9,50,Yes,6,2
BITS5280,6,73,Yes,4,8
BITS5281,8,78,No,8,1
BITS5282,6,59,No,7,3
BITS5283,2,92,No,6,3
BITS5284,1,60,Yes,9,5
BITS5285,5,60,No,6,9
BITS5286,9,57,Yes,7,5
BITS5287,8,60,No,5,2
BITS5288,4,58,No,4,8
BITS5289,5,43,Yes,7,4
BITS5290,5,52,No,8,1
BITS5291,6,57,Yes,4,5
BITS5292,3,91,No,6,2
BITS5293,5,68,Yes,8,7
BITS5294,2,64,Yes,4,2
BITS5295,1,95,No,8,4
BITS5296,1,52,Yes,6,3
BITS5297,7,66,No,7,3
BITS5298,2,99,Yes,8,1
BITS5299,4,58,Yes,7,7
BITS5300,5,88,Yes,6,2
BITS5301,7,40,No,6,3
BITS5302,2,77,Yes,8,5
BITS5303,6,58,Yes,8,8
BITS5304,1,91,Yes,6,3
BITS5305,7,40,No,8,2
BITS5306,9,79,No,8,4
BITS5307,5,56,Yes,8,8
BITS5308,5,60,Yes,9,0
BITS5309,4,61,No,8,4
BITS5310,3,54,Yes,4,3
BITS5311,9,89,Yes,6,4
BITS5312,5,78,Yes,6,6
BITS5313,8,87,Yes,5,6
BITS5314,9,78,Yes,7,6
BITS5315,5,71,Yes,5,0
BITS5316,9,88,No,8,8
BITS5317,2,43,Yes,8,6
BITS5318,9,83,Yes,4,3
BITS5319,4,84,No,4,3
BITS5320,6,71,No,4,1
BITS5321,6,43,No,4,5
BITS5322,6,92,No,4,9
BITS5323,2,40,Yes,4,2
BITS5324,7,72,No,4,
BITS5325,6,46,Yes,4,4
BITS5326,1,48,No,9,5
BITS5327,2,40,No,4,4
BITS5328,7,55,No,6,4
BITS5329,1,57,Yes,4,9
BITS5330,1,93,No,7,7
BITS5331,1,86,No,4,9
BITS5332,8,45,No,9,0
BITS5333,4,41,Yes,8,7
BITS5334,4,48,Yes,9,6
BITS5335,2,43,No,9,0
BITS5336,1,84,Yes,8,8
BITS5337,9,62,No,4,3
BITS5338,7,93,Yes,4,6
BITS5339,4,82,No,8,2
BITS5340,6,84,Yes,7,7
BITS5341,2,82,No,5,3
BITS5342,7,90,Yes,6,1
BITS5343,2,47,Yes,8,1
BITS5344,8,78,No,4,7
BITS5345,8,64,No,6,7
BITS5346,1,55,Yes,4,0
BITS5347,8,74,No,5,5
BITS5348,2,56,No,5,8
BITS5349,6,57,No,8,8
BITS5350,1,99,No,6,1
BITS5351,5,66,Yes,9,7
BITS5352,7,54,No,6,7
BITS5353,1,99,Yes,9,3
BITS5354,2,56,Yes,5,3
BITS5355,7,82,No,4,4
BITS5356,6,44,No,9,9
BITS5357,3,55,Yes,9,6
BITS5358,2,54,No,8,0
BITS5359,4,81,No,7,8
BITS5360,3,85,Yes,,2
BITS5361,7,73,Yes,9,3
BITS5362,8,87,Yes,5,6
BITS5363,2,58,No,8,4
BITS5364,7,47,No,4,4
BITS5365,8,86,Yes,6,0
BITS5366,6,49,Yes,5,1
BITS5367,6,44,No,8,4
BITS5368,1,91,No,8,1
BITS5369,4,87,No,8,0
BITS5370,1,92,Yes,6,9
BITS5371,4,65,No,5,2
BITS5372,2,61,No,9,0
BITS5373,5,83,Yes,8,9
BITS5374,9,62,No,6,7
BITS5375,3,52,Yes,4,7
BITS5376,8,48,No,7,7
BITS5377,3,88,Yes,5,6
BITS5378,6,59,Yes,6,6
BITS5379,4,67,Yes,7,1
BITS5380,8,83,No,7,8
BITS5381,6,96,No,6,6
BITS5382,8,76,No,9,4
BITS5383,1,63,No,9,3
BITS5384,6,83,Yes,6,7
BITS5385,1,72,No,6,4
BITS5386,1,59,No,8,5
BITS5387,8,99,Yes,4,3
BITS5388,7,87,Yes,9,1
BITS5389,3,69,Yes,8,6
BITS5390,6,83,Yes,7,1
BITS5391,9,48,No,7,6
BITS5392,7,84,Yes,7,6
BITS5393,3,88,No,6,0
BITS5394,6,56,No,5,9
BITS5395,4,75,Yes,8,9
BITS5396,3,53,Yes,5,2
BITS5397,9,58,Yes,4,2
BITS5398,2,46,Yes,4,5
BITS5399,1,98,Yes,8,2
BITS5400,2,42,No,7,8
BITS5401,7,72,Yes,9,4
BITS5402,1,83,No,4,5
BITS5403,6,71,Yes,5,5
BITS5404,7,86,No,5,7
BITS5405,9,50,No,9,9
BITS5406,8,81,No,6,2
BITS5407,6,41,Yes,7,8
BITS5408,3,65,Yes,6,6
BITS5409,8,43,Yes,8,5
BITS5410,7,56,No,4,0
BITS5411,3,56,No,9,3
BITS5412,9,67,Yes,9,4
BITS5413,2,69,Yes,9,1
BITS5414,3,79,No,6,0
BITS5415,2,62,No,6,1
BITS5416,1,85,Yes,8,7
BITS5417,4,63,Yes,5,9
BITS5418,5,68,Yes,5,5
BITS5419,6,43,No,8,9
BITS5420,5,77,No,9,1
BITS5421,1,68,Yes,5,8
BITS5422,3,58,Yes,8,7
BITS5423,1,66,Yes,5,3
BITS5424,5,68,Yes,8,9
BITS5425,5,95,Yes,5,6
BITS5426,6,75,No,9,2
BITS5427,8,74,Yes,6,5
BITS5428,1,91,No,6,2
BITS5429,4,45,No,9,9
BITS5430,1,98,No,5,2
BITS5431,9,62,No,9,8
BITS5432,7,78,No,8,5
BITS5433,7,85,No,6,7
BITS5434,5,83,No,4,3
BITS5435,7,87,No,5,3
BITS5436,2,91,Yes,4,7
BITS5437,4,47,Yes,4,6
BITS5438,7,94,Yes,7,4
BITS5439,3,41,Yes,4,1
BITS5440,2,52,Yes,4,5
BITS5441,2,79,No,9,0
BITS5442,1,96,No,7,6
BITS5443,5,60,No,7,8
BITS5444,6,70,No,7,4
BITS5445,6,91,No,8,4
BITS5446,9,87,Yes,7,6
BITS5447,4,75,Yes,9,4
BITS5448,1,87,No,8,9
BITS5449,6,91,Yes,5,3
BITS5450,5,77,Yes,8,0
BITS5451,6,66,Yes,5,5
BITS5452,3,75,Yes,7,8
BITS5453,2,87,Yes,7,3
BITS5454,6,62,No,5,9
BITS5455,1,94,Yes,6,3
BITS5456,7,60,Yes,9,4
BITS5457,7,52,No,8,5
BITS5458,7,76,No,9,2
BITS5459,1,86,No,9,8
BITS5460,4,65,No,4,0
BITS5461,7,79,No,7,5
BITS5462,9,46,No,8,5
BITS5463,5,85,No,9,7
BITS5464,2,78,No,8,4
BITS5465,7,61,Yes,9,8
BITS5466,1,78,No,7,8
BITS5467,7,62,No,9,1
BITS5468,6,97,Yes,5,4
BITS5469,7,69,No,7,6
BITS5470,3,57,No,8,1
BITS5471,3,81,No,6,6
BITS5472,7,57,No,9,8
BITS5473,2,85,Yes,5,7
BITS5474,1,49,Yes,7,9
BITS5475,9,78,No,4,8
BITS5476,9,69,Yes,7,3
BITS5477,7,65,Yes,8,7
BITS5478,7,46,Yes,8,8
BITS5479,3,46,Yes,4,9
BITS5480,2,44,Yes,5,1
BITS5481,7,40,Yes,8,9
BITS5482,9,85,No,5,2
BITS5483,1,57,No,5,0
BITS5484,4,52,Yes,7,0
BITS5485,6,64,Yes,5,9
BITS5486,7,79,Yes,9,5
BITS5487,7,47,No,8,0
BITS5488,2,49,No,8,4
BITS5489,4,71,No,6,5
BITS5490,5,56,No,5,8
BITS5491,1,77,No,6,5
BITS5492,1,54,No,7,3
BITS5493,3,54,Yes,6,0
BITS5494,3,96,No,5,5
BITS5495,8,87,No,8,6
BITS5496,9,79,No,7,4
BITS5497,1,90,Yes,5,5
BITS5498,2,59,No,7,9
BITS5499,2,54,Yes,4,7
BITS5500,4,74,Yes,5,0
BITS5501,2,45,No,4,7
BITS5502,7,69,No,6,1
BITS5503,9,96,No,5,1
BITS5504,7,47,Yes,4,7
BITS5505,6,70,No,9,1
BITS5506,1,87,Yes,8,7
BITS5507,9,86,Yes,6,4
BITS5508,5,71,No,5,8
BITS5509,5,84,No,5,8
BITS5510,6,97,No,8,7
BITS5511,9,91,Yes,8,8
BITS5512,8,54,No,4,6
BITS5513,8,57,Yes,4,7
BITS5514,8,52,No,4,5
BITS5515,1,63,Yes,7,8
BITS5516,1,79,No,6,1
BITS5517,8,53,No,5,2
BITS5518,5,67,Yes,6,1
BITS5519,9,50,Yes,8,5
BITS5520,2,45,No,9,2
BITS5521,9,95,Yes,6,0
BITS5522,8,64,Yes,6,3
BITS5523,9,40,Yes,4,4
BITS5524,4,64,Yes,8,3
BITS5525,1,41,No,6,5
BITS5526,1,71,Yes,5,2
BITS5527,5,52,No,4,9
BITS5528,2,72,No,6,5
BITS5529,8,71,No,8,9
BITS5530,5,95,Yes,9,0
BITS5531,5,63,No,5,5
BITS5532,2,66,No,9,7
BITS5533,7,43,No,8,9
BITS5534,8,63,No,8,7
BITS5535,1,62,No,8,0
BITS5536,2,68,Yes,9,6
BITS5537,4,73,No,7,9
BITS5538,5,60,Yes,5,9
BITS5539,2,69,No,8,3
BITS5540,1,65,No,7,5
BITS5541,9,59,Yes,4,5
BITS5542,1,55,Yes,7,4
BITS5543,4,42,No,4,9
BITS5544,2,88,No,9,8
BITS5545,4,76,No,7,9
BITS5546,8,97,No,9,7
BITS5547,8,79,No,8,5
BITS5548,9,83,Yes,,3
BITS5549,5,64,No,7,3
BITS5550,7,62,No,8,8
BITS5551,3,83,Yes,4,3
BITS5552,4,98,Yes,8,6
BITS5553,9,40,No,5,5
BITS5554,1,72,Yes,7,1
BITS5555,2,54,Yes,5,4
BITS5556,5,56,Yes,8,2
BITS5557,3,73,No,9,8
BITS5558,2,56,No,8,9
BITS5559,1,91,No,6,0
BITS5560,3,97,Yes,5,9
BITS5561,1,80,No,6,3
BITS5562,1,83,No,5,3
BITS5563,1,43,Yes,9,8
BITS5564,8,52,No,6,0
BITS5565,3,43,Yes,6,1
BITS5566,1,46,Yes,5,0
BITS5567,7,85,Yes,8,0
BITS5568,3,98,Yes,4,0
BITS5569,8,48,No,8,2
BITS5570,4,62,No,4,3
BITS5571,4,72,No,5,9
BITS5572,5,72,Yes,7,1
BITS5573,6,59,No,8,0
BITS5574,7,43,No,6,4
BITS5575,4,40,Yes,8,5
BITS5576,8,93,Yes,5,1
BITS5577,6,81,No,7,2
BITS5578,1,73,Yes,7,9
BITS5579,1,66,No,8,2
BITS5580,9,60,Yes,8,1
BITS5581,6,63,Yes,9,3
BITS5582,8,54,No,8,4
BITS5583,7,74,Yes,5,7
BITS5584,6,64,Yes,4,5
BITS5585,4,94,Yes,9,8
BITS5586,7,48,No,4,2
BITS5587,9,56,No,6,9
BITS5588,7,60,No,5,8
BITS5589,1,99,Yes,9,3
BITS5590,9,,Yes,7,7
BITS5591,4,42,Yes,9,9
BITS5592,3,43,Yes,6,6
BITS5593,4,43,No,7,6
BITS5594,4,82,No,9,8
BITS5595,2,67,Yes,7,9
BITS5596,1,46,No,8,1
BITS5597,1,65,No,7,4
BITS5598,8,50,No,9,2
BITS5599,2,63,Yes,7,6
BITS5600,5,82,No,5,2
BITS5601,4,49,No,8,4
BITS5602,8,76,No,8,4
BITS5603,2,52,No,6,1
BITS5604,9,83,No,8,0
BITS5605,7,81,Yes,4,5
BITS5606,7,78,No,5,0
BITS5607,1,58,No,6,8
BITS5608,2,90,Yes,4,9
BITS5609,4,58,No,7,4
BITS5610,4,51,Yes,4,0
BITS5611,3,91,Yes,6,7
BITS5612,7,61,Yes,8,0
BITS5613,8,86,Yes,5,3
BITS5614,2,76,No,6,6
BITS5615,4,95,No,4,3
BITS5616,3,69,Yes,4,4
BITS5617,2,85,No,6,6
BITS5618,6,51,Yes,9,3
BITS5619,4,68,No,9,4
BITS5620,6,60,No,6,6
BITS5621,2,50,Yes,9,0
BITS5622,4,99,No,6,2
BITS5623,6,76,Yes,8,0
BITS5624,5,87,No,6,2
BITS5625,3,97,No,7,1
BITS5626,8,57,No,5,4
BITS5627,7,83,Yes,5,9
BITS5628,3,98,Yes,7,4
BITS5629,6,66,Yes,4,9
BITS5630,4,76,No,4,8
BITS5631,5,87,Yes,4,7
BITS5632,5,51,Yes,4,2
BITS5633,7,62,Yes,8,0
BITS5634,5,73,No,7,4
BITS5635,3,77,No,5,2
BITS5636,5,62,No,7,4
BITS5637,7,92,No,5,8
BITS5638,5,64,Yes,4,0
BITS5639,5,43,No,8,0
BITS5640,9,69,Yes,6,8
BITS5641,3,69,No,6,2
BITS5642,6,52,Yes,9,9
BITS5643,1,81,Yes,4,4
BITS5644,5,88,No,4,8
BITS5645,8,53,Yes,7,4
BITS5646,5,95,Yes,8,2
BITS5647,9,86,Yes,8,8
BITS5648,6,47,Yes,7,6
BITS5649,8,94,No,8,6
BITS5650,8,63,No,8,7
BITS5651,3,57,Yes,6,4
BITS5652,7,74,No,8,1
BITS5653,7,64,Yes,4,8
BITS5654,6,56,,6,2
BITS5655,7,71,No,4,1
BITS5656,2,95,Yes,4,9
BITS5657,9,63,No,7,9
BITS5658,1,46,Yes,9,4
BITS5659,1,52,No,8,7
BITS5660,3,66,No,8,2
BITS5661,3,87,Yes,8,5
BITS5662,1,44,No,8,8
BITS5663,7,75,Yes,6,1
BITS5664,4,65,No,5,7
BITS5665,2,81,Yes,4,9
BITS5666,5,84,No,9,6
BITS5667,6,70,No,9,2
BITS5668,9,49,No,5,0
BITS5669,4,85,Yes,5,5
BITS5670,2,65,No,5,1
BITS5671,5,61,Yes,6,2
BITS5672,3,51,No,5,4
BITS5673,2,71,No,6,7
BITS5674,1,66,Yes,7,1
BITS5675,2,72,No,7,5
BITS5676,6,92,Yes,9,0
BITS5677,8,91,Yes,7,6
BITS5678,3,59,Yes,6,3
BITS5679,9,78,Yes,6,0
BITS5680,9,80,Yes,4,8
BITS5681,2,79,No,5,8
BITS5682,8,98,Yes,8,2
BITS5683,5,52,No,8,5
BITS5684,4,53,Yes,5,6
BITS5685,5,83,Yes,8,3
BITS5686,4,79,No,8,5
BITS5687,8,92,No,8,8
BITS5688,4,61,Yes,9,9
BITS5689,6,57,Yes,6,5
BITS5690,2,87,No,6,6
BITS5691,5,68,No,6,5
BITS5692,6,82,Yes,5,6
BITS5693,5,55,Yes,7,0
BITS5694,2,85,Yes,9,5
BITS5695,7,74,No,9,8
BITS5696,4,92,Yes,8,2
BITS5697,8,73,No,4,5
BITS5698,7,42,No,6,3
BITS5699,7,43,Yes,9,6
BITS5700,9,93,Yes,9,6
BITS5701,1,44,No,4,8
BITS5702,6,49,Yes,8,3
BITS5703,6,91,Yes,9,7
BITS5704,6,68,No,9,7
BITS5705,6,71,Yes,7,7
BITS5706,7,70,No,4,7
BITS5707,6,41,No,8,5
BITS5708,1,51,Yes,8,7
BITS5709,3,66,No,6,5
BITS5710,2,44,No,7,9
BITS5711,6,76,Yes,8,1
BITS5712,8,66,No,7,2
BITS5713,3,62,Yes,6,5
BITS5714,8,72,No,4,6
BITS5715,8,43,No,9,3
BITS5716,5,98,No,9,0
BITS5717,8,60,No,5,3
BITS5718,6,63,No,5,5
BITS5719,5,83,No,5,7
BITS5720,9,70,No,9,3
BITS5721,7,83,Yes,7,9
BITS5722,8,87,No,5,0
BITS5723,1,63,Yes,4,4
BITS5724,2,88,No,8,6
BITS5725,8,92,No,7,5
BITS5726,9,49,Yes,9,2
BITS5727,4,88,Yes,4,6
BITS5728,9,88,Yes,9,3
BITS5729,4,89,No,7,4
BITS5730,9,41,Yes,7,6
BITS5731,7,70,No,7,1
BITS5732,2,64,No,6,3
BITS5733,9,43,Yes,8,3
BITS5734,4,90,No,5,5
BITS5735,8,50,Yes,6,6
BITS5736,7,56,Yes,8,3
BITS5737,7,83,Yes,9,9
BITS5738,8,41,Yes,5,0
BITS5739,1,45,No,6,0
BITS5740,5,48,No,6,4
BITS5741,2,44,Yes,4,0
BITS5742,2,59,Yes,6,2
BITS5743,1,68,No,7,8
BITS5744,5,60,No,9,2
BITS5745,2,48,Yes,6,2
BITS5746,4,67,No,7,8
BITS5747,3,94,No,8,4
BITS5748,3,47,No,8,7
BITS5749,2,70,No,7,9
BITS5750,6,59,Yes,4,8
BITS5751,2,66,No,4,5
BITS5752,8,47,Yes,8,6
BITS5753,8,93,Yes,9,6
BITS5754,5,60,Yes,6,6
BITS5755,7,67,No,8,3
BITS5756,4,62,No,8,1
BITS5757,1,45,Yes,7,1
BITS5758,2,42,No,4,6
BITS5759,4,44,Yes,9,9
BITS5760,1,48,Yes,7,6
BITS5761,8,46,No,8,9
BITS5762,9,99,No,5,6
BITS5763,4,43,No,6,7
BITS5764,3,78,Yes,8,2
BITS5765,2,44,Yes,7,4
BITS5766,5,50,No,5,5
BITS5767,3,54,Yes,5,7
BITS5768,7,73,Yes,8,7
BITS5769,6,52,Yes,9,9
BITS5770,1,93,No,4,2
BITS5771,8,87,No,5,3
BITS5772,2,46,No,6,5
BITS5773,5,79,Yes,7,3
BITS5774,9,45,No,7,9
BITS5775,8,95,Yes,7,3
BITS5776,2,78,Yes,8,4
BITS5777,9,89,Yes,7,9
BITS5778,5,69,No,7,6
BITS5779,6,61,Yes,6,1
BITS5780,3,64,No,4,1
BITS5781,3,67,Yes,9,9
BITS5782,8,93,No,8,8
BITS5783,2,59,No,8,3
BITS5784,2,78,No,7,4
BITS5785,5,42,No,6,2
BITS5786,6,44,No,5,1
BITS5787,2,40,No,7,9
BITS5788,5,54,No,7,7
BITS5789,7,65,No,8,3
BITS5790,8,42,Yes,8,0
BITS5791,7,79,Yes,7,5
BITS5792,8,96,Yes,8,5
BITS5793,9,80,Yes,6,1
BITS5794,5,86,Yes,5,1
BITS5795,5,81,No,5,7
BITS5796,4,73,No,5,6
BITS5797,9,91,No,7,1
BITS5798,5,44,No,9,9
BITS5799,2,70,No,7,0
BITS5800,8,90,Yes,7,7
BITS5801,7,52,Yes,6,9
BITS5802,8,82,No,5,1
BITS5803,3,40,Yes,8,4
BITS5804,4,61,Yes,8,5
BITS5805,5,54,No,4,9
BITS5806,6,65,No,4,0
BITS5807,1,57,Yes,9,1
BITS5808,4,87,Yes,8,9
BITS5809,5,48,No,5,3
BITS5810,7,40,Yes,7,1
BITS5811,5,82,No,8,5
BITS5812,1,48,Yes,9,3
BITS5813,7,62,Yes,9,2
BITS5814,8,82,No,8,5
BITS5815,7,84,Yes,4,8
BITS5816,4,97,No,5,7
BITS5817,8,41,Yes,8,1
BITS5818,5,53,Yes,7,2
BITS5819,9,77,No,7,1
BITS5820,5,79,Yes,6,9
BITS5821,1,57,No,7,6
BITS5822,9,55,No,8,8
BITS5823,5,92,Yes,8,0
BITS5824,6,68,No,7,2
BITS5825,4,83,No,4,5
BITS5826,6,50,No,5,3
BITS5827,8,45,Yes,9,9
BITS5828,3,42,No,8,9
BITS5829,5,53,No,7,0
BITS5830,2,99,Yes,9,8
BITS5831,2,41,No,7,6
BITS5832,7,71,No,8,6
BITS5833,6,70,No,6,0
BITS5834,4,50,Yes,5,8
BITS5835,5,61,Yes,8,7
BITS5836,1,42,Yes,9,9
BITS5837,7,89,Yes,7,4
BITS5838,8,70,Yes,6,3
BITS5839,9,72,Yes,8,0
BITS5840,8,63,No,5,8
BITS5841,5,40,Yes,6,7
BITS5842,3,83,Yes,9,1
BITS5843,9,54,Yes,7,3
BITS5844,6,76,Yes,4,3
BITS5845,5,66,No,5,6
BITS5846,3,77,No,6,2
BITS5847,6,87,Yes,8,7
BITS5848,3,66,No,8,6
BITS5849,6,83,Yes,6,9
BITS5850,4,51,No,8,3
BITS5851,2,42,Yes,6,8
BITS5852,8,69,Yes,5,5
BITS5853,4,71,Yes,8,2
BITS5854,9,62,Yes,5,6
BITS5855,7,41,No,7,5
BITS5856,2,46,Yes,7,7
BITS5857,4,73,No,7,4
BITS5858,5,71,No,7,5
BITS5859,3,92,No,8,0
BITS5860,9,78,Yes,6,7
BITS5861,5,71,No,8,0
BITS5862,2,82,,9,2
BITS5863,3,82,No,8,1
BITS5864,9,53,Yes,5,5
BITS5865,7,42,No,6,7
BITS5866,2,85,Yes,4,7
BITS5867,9,71,No,4,6
BITS5868,4,82,No,6,6
BITS5869,9,75,Yes,4,7
BITS5870,2,56,Yes,6,4
BITS5871,4,87,No,5,2
BITS5872,5,42,Yes,5,1
BITS5873,2,96,No,8,2
BITS5874,1,49,No,4,2
BITS5875,7,92,Yes,6,6
BITS5876,1,86,Yes,5,0
BITS5877,8,79,Yes,8,6
BITS5878,3,57,No,4,5
BITS5879,6,42,No,4,9
BITS5880,7,78,No,4,1
BITS5881,1,49,Yes,5,9
BITS5882,6,91,Yes,5,0
BITS5883,7,48,Yes,4,8
BITS5884,6,85,No,5,1
BITS5885,4,94,Yes,4,3
BITS5886,1,85,Yes,7,8
BITS5887,9,50,No,5,8
BITS5888,4,99,Yes,6,0
BITS5889,7,72,Yes,5,1
BITS5890,7,75,No,4,1
BITS5891,2,65,No,6,1
BITS5892,1,66,No,8,7
BITS5893,8,77,No,6,7
BITS5894,8,61,No,6,9
BITS5895,7,65,No,5,7
BITS5896,8,61,Yes,9,3
BITS5897,3,44,Yes,6,7
BITS5898,2,74,No,6,6
BITS5899,7,41,No,4,7
BITS5900,8,74,Yes,5,0
BITS5901,1,48,No,4,2
BITS5902,9,90,No,5,9
BITS5903,4,90,Yes,8,5
BITS5904,4,88,Yes,9,0
BITS5905,3,57,No,6,3
BITS5906,6,82,No,5,8
BITS5907,1,51,Yes,6,6
BITS5908,6,42,No,6,0
BITS5909,2,57,Yes,7,5
BITS5910,9,95,Yes,4,5
BITS5911,2,77,No,9,1
BITS5912,7,46,Yes,5,5
BITS5913,1,72,Yes,8,9
BITS5914,7,45,Yes,9,1
BITS5915,5,57,No,7,7
BITS5916,8,84,No,4,6
BITS5917,4,61,No,8,5
BITS5918,7,90,Yes,8,9
BITS5919,6,78,Yes,6,5
BITS5920,5,90,No,4,8
BITS5921,4,48,Yes,7,8
BITS5922,7,74,Yes,5,9
BITS5923,5,62,No,5,9
BITS5924,5,51,Yes,7,1
BITS5925,1,91,Yes,6,2
BITS5926,2,63,Yes,6,9
BITS5927,5,89,Yes,8,6
BITS5928,3,79,Yes,4,9
BITS5929,2,48,Yes,8,8
BITS5930,4,52,No,5,5
BITS5931,4,79,No,7,0
BITS5932,4,93,Yes,4,6
BITS5933,4,81,No,7,0
BITS5934,3,56,No,4,4
BITS5935,7,46,No,9,8
BITS5936,9,56,Yes,5,9
BITS5937,5,94,No,5,9
BITS5938,4,89,Yes,9,8
BITS5939,2,63,No,4,0
BITS5940,2,41,No,6,5
BITS5941,5,74,Yes,4,2
BITS5942,7,67,No,5,8
BITS5943,9,58,Yes,7,2
BITS5944,7,72,No,8,1
BITS5945,5,60,No,7,7
BITS5946,6,92,No,5,2
BITS5947,3,49,No,7,4
BITS5948,5,92,Yes,6,5
BITS5949,8,85,Yes,6,9
BITS5950,1,84,No,4,9
BITS5951,1,48,Yes,7,0
BITS5952,7,77,No,7,6
BITS5953,5,45,Yes,5,6
BITS5954,5,90,Yes,4,4
BITS5955,1,92,Yes,4,8
BITS5956,9,81,No,7,1
BITS5957,1,94,Yes,8,4
BITS5958,5,74,Yes,7,1
BITS5959,9,57,No,7,1
BITS5960,4,92,No,7,8
BITS5961,8,58,No,6,6
BITS5962,6,44,Yes,9,3
BITS5963,3,64,Yes,4,7
BITS5964,4,50,Yes,9,3
BITS5965,2,49,Yes,6,0
BITS5966,1,56,Yes,8,9
BITS5967,8,75,Yes,5,2
BITS5968,1,65,No,8,9
BITS5969,1,70,Yes,4,0
BITS5970,4,71,Yes,5,1
BITS5971,6,60,Yes,9,1
BITS5972,9,57,No,8,6
BITS5973,1,99,Yes,4,3
BITS5974,7,57,No,8,9
BITS5975,5,40,Yes,5,8
BITS5976,8,53,No,5,1
BITS5977,7,47,No,8,8
BITS5978,4,41,No,6,5
BITS5979,4,90,Yes,8,9
BITS5980,6,54,No,9,7
BITS5981,6,99,Yes,8,6
BITS5982,9,73,No,8,7
BITS5983,5,75,Yes,6,8
BITS5984,8,40,No,7,7
BITS5985,5,90,No,5,5
BITS5986,2,60,Yes,9,7
BITS5987,6,81,No,4,7
BITS5988,9,40,Yes,5,1
BITS5989,3,71,No,5,1
BITS5990,1,59,No,7,0
BITS5991,1,93,Yes,5,9
BITS5992,3,86,Yes,5,1
BITS5993,5,75,Yes,6,6
BITS5994,3,78,No,6,2
BITS5995,9,69,Yes,6,3
BITS5996,8,46,Yes,6,3
BITS5997,3,61,No,6,3
BITS5998,9,96,Yes,9,1
BITS5999,6,89,Yes,4,5
BITS6000,7,84,No,7,0
BITS6001,4,49,No,8,4
BITS6002,4,95,No,9,1
BITS6003,2,47,No,6,8
BITS6004,5,66,No,7,1
BITS6005,8,49,Yes,8,5
BITS6006,7,53,No,5,3
BITS6007,7,85,No,9,5
BITS6008,6,98,No,5,1
BITS6009,3,91,Yes,7,1
BITS6010,5,93,Yes,4,6
BITS6011,1,50,Yes,4,2
BITS6012,7,45,Yes,7,2
BITS6013,9,60,No,4,6
BITS6014,1,72,No,4,7
BITS6015,2,58,No,5,6
BITS6016,3,78,Yes,4,2
BITS6017,3,63,No,4,2
BITS6018,8,57,Yes,7,6
BITS6019,7,74,Yes,4,2
BITS6020,6,91,Yes,9,1
BITS6021,4,82,No,6,6
BITS6022,9,76,No,6,2
BITS6023,1,58,No,7,4
BITS6024,2,92,No,6,6
BITS6025,4,63,Yes,5,1
BITS6026,3,95,No,9,7
BITS6027,1,73,Yes,9,1
BITS6028,5,61,Yes,7,3
BITS6029,7,43,Yes,4,3
BITS6030,2,96,Yes,6,7
BITS6031,5,49,Yes,5,0
BITS6032,6,41,Yes,7,8
BITS6033,7,47,Yes,7,5
BITS6034,1,72,,4,3
BITS6035,7,98,No,8,5
BITS6036,4,77,Yes,6,5
BITS6037,8,82,No,5,8
BITS6038,4,98,No,7,3
BITS6039,6,67,No,6,7
BITS6040,9,49,No,5,0
BITS6041,5,84,Yes,9,5
BITS6042,4,40,No,9,4
BITS6043,8,73,Yes,5,2
BITS6044,9,42,Yes,9,3
BITS6045,4,48,No,7,7
BITS6046,3,44,No,6,9
BITS6047,8,81,Yes,5,1
BITS6048,5,49,Yes,7,7
BITS6049,2,51,No,6,6
BITS6050,9,57,No,6,0
BITS6051,3,97,Yes,7,1
BITS6052,2,60,No,6,6
BITS6053,1,60,Yes,8,2
BITS6054,8,40,Yes,5,1
BITS6055,3,42,Yes,5,0
BITS6056,7,44,Yes,6,6
BITS6057,1,64,No,7,2
BITS6058,1,97,Yes,4,5
BITS6059,9,88,Yes,9,9
BITS6060,8,47,No,6,7
BITS6061,3,56,No,4,5
BITS6062,6,48,Yes,6,6
BITS6063,3,71,No,4,5
BITS6064,4,45,No,6,6
BITS6065,1,88,Yes,7,4
BITS6066,5,79,No,9,8
BITS6067,1,60,No,4,2
BITS6068,1,46,No,8,5
BITS6069,7,46,No,7,8
BITS6070,6,86,No,9,0
BITS6071,2,78,Yes,6,4
BITS6072,2,93,No,4,3
BITS6073,7,66,Yes,9,8
BITS6074,1,47,Yes,5,0
BITS6075,2,48,No,7,3
BITS6076,8,67,No,4,0
BITS6077,6,54,No,7,2
BITS6078,,41,No,4,3
BITS6079,7,46,No,5,0
BITS6080,4,86,No,8,4
BITS6081,2,57,No,5,5
BITS6082,6,61,No,6,0
BITS6083,9,89,No,7,9
BITS6084,9,49,No,8,9
BITS6085,8,93,No,7,3
BITS6086,3,89,No,9,3
BITS6087,3,72,Yes,4,0
BITS6088,2,46,No,6,1
BITS6089,5,42,Yes,6,9
BITS6090,4,53,Yes,7,4
BITS6091,7,83,No,6,1
BITS6092,4,85,Yes,7,2
BITS6093,9,75,No,4,8
BITS6094,2,52,No,4,4
BITS6095,6,55,Yes,7,0
BITS6096,7,55,No,5,4
BITS6097,4,93,Yes,5,2
BITS6098,6,44,Yes,4,0
BITS6099,7,91,No,8,2
BITS6100,4,64,Yes,5,5
BITS6101,8,77,Yes,7,9
BITS6102,9,77,No,4,4
BITS6103,1,89,Yes,6,0
BITS6104,7,77,No,6,1
BITS6105,9,78,No,5,4
BITS6106,5,95,No,8,8
BITS6107,2,95,No,9,4
BITS6108,6,87,Yes,5,4
BITS6109,7,80,No,8,0
BITS6110,2,65,Yes,5,4
BITS6111,2,98,Yes,6,7
BITS6112,1,52,No,8,8
BITS6113,4,83,No,6,9
BITS6114,7,90,No,7,2
BITS6115,9,65,Yes,7,3
BITS6116,3,94,No,4,6
BITS6117,7,94,Yes,6,6
BITS6118,7,40,No,6,0
BITS6119,7,47,No,4,5
BITS6120,2,43,Yes,7,8
BITS6121,6,60,Yes,7,4
BITS6122,2,61,No,8,7
BITS6123,6,90,No,8,9
BITS6124,3,92,No,9,8
BITS6125,2,97,Yes,7,9
BITS6126,6,76,No,9,9
BITS6127,2,88,No,5,2
BITS6128,5,42,Yes,6,0
BITS6129,2,58,No,8,1
BITS6130,3,40,Yes,5,4
BITS6131,3,68,Yes,8,9
BITS6132,6,62,No,4,6
BITS6133,6,72,No,6,5
BITS6134,3,94,Yes,9,3
BITS6135,3,91,Yes,9,8
BITS6136,1,80,No,8,3
BITS6137,7,62,Yes,7,2
BITS6138,8,44,Yes,9,4
BITS6139,2,46,No,4,3
BITS6140,4,96,Yes,4,1
BITS6141,7,97,Yes,7,2
BITS6142,8,45,Yes,4,6
BITS6143,1,88,Yes,6,1
BITS6144,4,61,Yes,8,0
BITS6145,6,88,Yes,4,1
BITS6146,3,52,No,6,7
BITS6147,5,51,No,7,7
BITS6148,9,43,No,8,9
BITS6149,3,47,No,7,1
BITS6150,5,76,Yes,8,5
BITS6151,8,70,No,4,6
BITS6152,6,76,Yes,4,0
BITS6153,4,84,No,8,6
BITS6154,8,65,Yes,6,7
BITS6155,3,82,No,6,8
BITS6156,3,47,Yes,6,7
BITS6157,4,79,No,5,2
BITS6158,9,72,No,9,7
BITS6159,5,84,No,9,2
BITS6160,8,68,No,9,5
BITS6161,6,44,No,6,3
BITS6162,3,67,Yes,4,6
BITS6163,8,92,No,5,7
BITS6164,9,79,Yes,6,9
BITS6165,8,56,No,4,5
BITS6166,4,94,No,5,9
BITS6167,6,62,No,4,3
BITS6168,1,84,Yes,8,7
BITS6169,4,48,No,4,6
BITS6170,8,41,No,5,9
BITS6171,1,71,Yes,6,7
BITS6172,3,90,Yes,9,9
BITS6173,1,91,Yes,5,6
BITS6174,9,88,Yes,6,2
BITS6175,2,70,No,6,2
BITS6176,9,46,Yes,7,8
BITS6177,4,69,Yes,8,6
BITS6178,2,97,No,7,0
BITS6179,4,42,Yes,9,2
BITS6180,6,90,Yes,5,0
BITS6181,7,90,Yes,7,5
BITS6182,3,95,No,9,1
BITS6183,3,48,Yes,6,6
BITS6184,8,49,Yes,5,7
BITS6185,5,85,Yes,7,5
BITS6186,4,89,No,4,4
BITS6187,7,97,No,9,9
BITS6188,7,86,Yes,9,3
BITS6189,9,65,No,8,8
BITS6190,9,40,Yes,4,7
BITS6191,5,69,No,5,4
BITS6192,8,96,No,7,0
BITS6193,1,77,Yes,6,7
BITS6194,9,54,Yes,7,7
BITS6195,8,64,Yes,5,6
BITS6196,6,45,No,5,6
BITS6197,3,57,Yes,5,7
BITS6198,3,40,No,5,0
BITS6199,8,95,No,9,2
BITS6200,5,42,Yes,7,3
BITS6201,7,56,No,4,5
BITS6202,5,87,No,6,9
BITS6203,8,47,Yes,6,9
BITS6204,4,99,No,8,8
BITS6205,2,88,No,9,3
BITS6206,3,79,Yes,5,5
BITS6207,8,56,Yes,5,8
BITS6208,7,64,Yes,5,8
BITS6209,2,80,No,9,5
BITS6210,6,51,No,4,4
BITS6211,9,68,No,5,2
BITS6212,4,64,Yes,8,4
BITS6213,9,90,No,8,2
BITS6214,2,75,No,4,4
BITS6215,2,92,No,9,9
BITS6216,9,93,Yes,5,9
BITS6217,7,64,Yes,7,0
BITS6218,7,68,Yes,7,5
BITS6219,1,50,No,6,6
BITS6220,6,99,No,4,1
BITS6221,7,43,Yes,7,2
BITS6222,6,53,Yes,6,9
BITS6223,6,85,No,8,8
BITS6224,2,77,Yes,6,7
BITS6225,6,56,No,5,3
BITS6226,4,41,Yes,5,7
BITS6227,9,47,Yes,8,7
BITS6228,1,75,Yes,4,5
BITS6229,8,49,No,9,0
BITS6230,5,46,Yes,5,1
BITS6231,1,75,No,5,3
BITS6232,4,55,Yes,,3
BITS6233,1,53,Yes,6,1
BITS6234,6,55,No,6,8
BITS6235,2,64,No,7,1
BITS6236,5,80,Yes,8,5
BITS6237,7,43,No,4,4
BITS6238,2,68,Yes,6,3
BITS6239,6,95,No,4,5
BITS6240,6,45,No,6,3
BITS6241,5,40,Yes,5,8
BITS6242,5,78,Yes,4,9
BITS6243,3,40,No,7,6
BITS6244,2,90,No,6,2
BITS6245,7,79,Yes,9,9
BITS6246,1,96,No,8,3
BITS6247,6,42,No,5,0
BITS6248,6,40,No,6,5
BITS6249,3,40,No,4,1
BITS6250,2,78,Yes,6,3
BITS6251,2,60,Yes,5,4
BITS6252,9,84,No,8,7
BITS6253,5,69,No,,2
BITS6254,7,71,Yes,8,5
BITS6255,5,72,No,9,0
BITS6256,7,87,No,5,8
BITS6257,4,61,No,9,0
BITS6258,8,69,No,9,1
BITS6259,7,93,No,6,0
BITS6260,5,85,Yes,5,7
BITS6261,6,43,No,5,3
BITS6262,5,62,No,6,1
BITS6263,7,94,No,7,6
BITS6264,2,83,Yes,9,7
BITS6265,5,64,No,8,8
BITS6266,3,51,No,4,4
BITS6267,9,56,Yes,9,2
BITS6268,6,92,Yes,4,0
BITS6269,3,54,Yes,6,7
BITS6270,7,49,Yes,4,5
BITS6271,4,74,No,7,4
BITS6272,3,94,No,5,6
BITS6273,8,91,No,8,4
BITS6274,4,91,Yes,4,3
BITS6275,1,68,No,4,4
BITS6276,6,51,Yes,6,6
BITS6277,1,40,Yes,6,5
BITS6278,5,40,No,5,9
BITS6279,7,49,Yes,8,9
BITS6280,6,57,Yes,4,8
BITS6281,2,86,No,5,9
BITS6282,4,41,No,8,1
BITS6283,2,88,Yes,5,6
BITS6284,1,47,No,4,0
BITS6285,3,61,No,6,7
BITS6286,3,61,Yes,6,3
BITS6287,7,65,Yes,6,7
BITS6288,1,65,No,7,7
BITS6289,9,48,No,5,3
BITS6290,6,60,Yes,4,3
BITS6291,4,70,No,5,4
BITS6292,3,91,Yes,6,6
BITS6293,3,82,Yes,9,5
BITS6294,2,45,No,9,0
BITS6295,2,95,No,5,5
BITS6296,5,53,No,8,2
BITS6297,9,72,No,9,8
BITS6298,2,46,No,9,2
BITS6299,2,63,Yes,5,8
BITS6300,6,48,No,7,4
BITS6301,2,50,Yes,7,9
BITS6302,4,95,No,6,7
BITS6303,6,62,Yes,4,8
BITS6304,5,87,No,8,8
BITS6305,1,90,No,4,6
BITS6306,6,41,Yes,4,9
BITS6307,1,54,No,8,0
BITS6308,3,74,No,7,7
BITS6309,5,75,Yes,9,6
BITS6310,5,91,Yes,6,3
BITS6311,6,93,Yes,5,5
BITS6312,8,67,No,7,9
BITS6313,5,78,Yes,6,1
BITS6314,1,83,Yes,9,3
BITS6315,5,43,No,7,7
BITS6316,3,49,No,8,3
BITS6317,4,45,No,4,9
BITS6318,8,96,No,8,3
BITS6319,7,69,No,9,3
BITS6320,5,93,No,5,9
BITS6321,2,85,Yes,8,8
BITS6322,6,74,Yes,9,1
BITS6323,6,88,No,4,6
BITS6324,6,82,Yes,7,2
BITS6325,9,49,Yes,6,3
BITS6326,8,97,Yes,9,0
BITS6327,8,92,Yes,9,2
BITS6328,1,71,No,5,1
BITS6329,5,81,No,7,9
BITS6330,7,81,Yes,9,6
BITS6331,6,42,No,9,5
BITS6332,5,95,Yes,6,0
BITS6333,8,65,Yes,4,7
BITS6334,3,54,No,8,8
BITS6335,6,56,Yes,7,0
BITS6336,5,66,No,6,4
BITS6337,8,57,No,6,6
BITS6338,4,90,No,8,1
BITS6339,8,58,No,7,5
BITS6340,2,51,No,7,7
BITS6341,9,,No,4,7
BITS6342,9,44,No,7,9
BITS6343,6,63,No,9,9
BITS6344,4,66,No,8,7
BITS6345,4,87,Yes,7,5
BITS6346,6,69,No,4,5
BITS6347,5,54,Yes,6,2
BITS6348,6,86,No,9,1
BITS6349,7,98,Yes,7,4
BITS6350,7,77,No,8,8
BITS6351,9,83,No,7,3
BITS6352,8,73,No,5,4
BITS6353,6,66,Yes,4,5
BITS6354,6,59,Yes,6,5
BITS6355,5,80,No,5,3
BITS6356,1,71,Yes,8,3
BITS6357,9,43,No,7,7
BITS6358,9,44,Yes,4,4
BITS6359,9,92,Yes,9,4
BITS6360,8,97,Yes,7,8
BITS6361,3,47,No,7,3
BITS6362,1,61,Yes,7,6
BITS6363,8,81,Yes,9,4
BITS6364,7,46,No,7,
BITS6365,5,61,No,4,7
BITS6366,7,85,Yes,9,7
BITS6367,4,69,Yes,9,9
BITS6368,9,76,No,5,9
BITS6369,2,55,No,8,2
BITS6370,9,54,No,9,8
BITS6371,9,44,No,5,7
BITS6372,5,42,No,4,2
BITS6373,1,62,Yes,8,9
BITS6374,7,49,No,9,0
BITS6375,4,44,No,6,4
BITS6376,9,62,Yes,5,3
BITS6377,6,54,No,4,7
BITS6378,3,57,No,4,5
BITS6379,6,64,No,4,9
BITS6380,6,47,Yes,8,4
BITS6381,5,70,No,7,8
BITS6382,2,60,No,6,5
BITS6383,2,41,No,8,2
BITS6384,7,61,No,8,5
BITS6385,2,47,Yes,9,3
BITS6386,6,62,Yes,5,4
BITS6387,5,71,No,6,5
BITS6388,4,47,No,4,8
BITS6389,7,43,No,8,2
BITS6390,8,69,No,6,0
BITS6391,4,58,No,5,1
BITS6392,1,62,No,7,7
BITS6393,1,57,No,6,3
BITS6394,1,92,Yes,4,6
BITS6395,1,68,No,8,1
BITS6396,5,62,Yes,7,9
BITS6397,4,72,Yes,5,7
BITS6398,9,91,No,4,9
BITS6399,3,86,Yes,7,8
BITS6400,7,57,Yes,9,6
BITS6401,8,93,Yes,9,9
BITS6402,6,83,No,5,0
BITS6403,1,72,Yes,4,1
BITS6404,8,46,Yes,8,8
BITS6405,3,90,No,5,9
BITS6406,8,67,No,7,6
BITS6407,4,40,Yes,4,2
BITS6408,8,95,No,9,4
BITS6409,1,78,No,9,0
BITS6410,3,73,Yes,6,9
BITS6411,6,78,Yes,4,2
BITS6412,9,58,Yes,7,3
BITS6413,2,70,No,7,3
BITS6414,1,52,Yes,6,6
BITS6415,3,96,Yes,7,4
BITS6416,4,63,No,4,8
BITS6417,5,44,No,9,6
BITS6418,3,62,No,5,1
BITS6419,2,58,No,9,7
BITS6420,2,40,Yes,9,1
BITS6421,7,72,Yes,4,6
BITS6422,9,98,Yes,7,4
BITS6423,2,89,No,6,9
BITS6424,7,95,Yes,6,5
BITS6425,7,72,No,8,3
BITS6426,7,71,No,6,4
BITS6427,3,98,No,6,4
BITS6428,7,67,Yes,7,6
BITS6429,1,76,No,5,3
BITS6430,1,80,Yes,5,4
BITS6431,5,51,Yes,7,3
BITS6432,2,48,Yes,6,3
BITS6433,9,89,No,4,7
BITS6434,7,94,Yes,9,4
BITS6435,4,50,Yes,9,8
BITS6436,4,72,No,5,4
BITS6437,2,58,Yes,7,7
BITS6438,5,93,No,4,2
BITS6439,4,96,Yes,6,6
BITS6440,1,81,No,7,0
BITS6441,8,73,No,5,4
BITS6442,3,46,No,4,1
BITS6443,6,70,No,4,7
BITS6444,4,91,No,5,5
BITS6445,9,41,Yes,4,4
BITS6446,7,58,Yes,9,2
BITS6447,9,77,Yes,5,0
BITS6448,3,71,Yes,9,9
BITS6449,1,49,No,7,9
BITS6450,5,80,No,8,9
BITS6451,3,47,Yes,6,9
BITS6452,6,65,No,7,7
BITS6453,8,69,Yes,9,4
BITS6454,4,50,No,6,8
BITS6455,5,80,No,6,6
BITS6456,5,59,Yes,9,0
BITS6457,4,99,Yes,9,0
BITS6458,4,59,No,5,6
BITS6459,4,48,Yes,8,6
BITS6460,4,47,Yes,9,8
BITS6461,4,99,Yes,6,1
BITS6462,5,54,Yes,6,6
BITS6463,2,73,No,7,1
BITS6464,2,63,No,8,9
BITS6465,9,72,No,8,9
BITS6466,2,80,No,6,1
BITS6467,6,80,Yes,8,4
BITS6468,2,84,Yes,7,8
BITS6469,5,79,Yes,5,8
BITS6470,4,66,No,6,9
BITS6471,7,60,No,4,0
BITS6472,7,44,No,6,6
BITS6473,6,74,No,6,9
BITS6474,5,60,Yes,5,9
BITS6475,1,43,Yes,9,2
BITS6476,3,88,Yes,9,9
BITS6477,9,87,No,4,9
BITS6478,1,55,No,4,0
BITS6479,5,96,No,4,1
BITS6480,2,70,No,9,5
BITS6481,4,65,No,5,9
BITS6482,1,91,No,8,1
BITS6483,3,74,Yes,4,1
BITS6484,7,45,No,8,3
BITS6485,3,72,No,7,2
BITS6486,4,60,No,5,7
BITS6487,2,55,Yes,8,7
BITS6488,3,86,Yes,9,5
BITS6489,9,78,No,9,3
BITS6490,3,73,Yes,4,6
BITS6491,5,81,Yes,4,8
BITS6492,2,96,Yes,8,1
BITS6493,4,99,No,9,5
BITS6494,7,54,Yes,8,6
BITS6495,7,45,Yes,7,0
BITS6496,3,41,Yes,5,5
BITS6497,5,63,No,9,7
BITS6498,1,95,Yes,6,6
BITS6499,1,88,No,9,1
BITS6500,5,67,Yes,7,1
BITS6501,9,40,No,9,3
BITS6502,1,40,No,7,4
BITS6503,1,67,No,9,4
BITS6504,4,75,No,7,1
BITS6505,4,59,No,4,6
BITS6506,2,87,Yes,8,7
BITS6507,9,47,Yes,9,1
BITS6508,9,40,Yes,5,3
BITS6509,2,65,No,4,2
BITS6510,9,90,No,7,3
BITS6511,6,82,No,5,4
BITS6512,8,88,Yes,4,5
BITS6513,4,64,No,6,1
BITS6514,2,49,No,9,9
BITS6515,2,51,No,9,5
BITS6516,9,80,No,7,8
BITS6517,1,46,Yes,4,7
BITS6518,7,51,No,4,0
BITS6519,3,86,No,7,8
BITS6520,3,79,No,6,9
BITS6521,2,56,No,9,1
BITS6522,6,44,Yes,8,0
BITS6523,2,53,No,6,5
BITS6524,4,73,Yes,7,0
BITS6525,9,87,Yes,8,5
BITS6526,9,56,No,4,1
BITS6527,6,74,No,6,6
BITS6528,4,94,Yes,6,6
BITS6529,7,40,No,9,3
BITS6530,1,98,No,9,1
BITS6531,4,89,Yes,8,6
BITS6532,5,89,Yes,4,0
BITS6533,8,75,Yes,6,1
BITS6534,2,54,Yes,8,1
BITS6535,5,99,Yes,6,0
BITS6536,6,58,Yes,9,8
BITS6537,5,90,No,4,5
BITS6538,9,81,No,4,2
BITS6539,1,44,No,5,5
BITS6540,3,58,No,8,6
BITS6541,2,82,No,9,2
BITS6542,3,78,No,9,3
BITS6543,9,44,No,9,9
BITS6544,9,91,No,7,0
BITS6545,2,51,No,6,5
BITS6546,3,58,Yes,4,5
BITS6547,4,86,Yes,6,8
BITS6548,9,51,No,6,1
BITS6549,3,75,No,7,4
BITS6550,7,51,Yes,4,4
BITS6551,3,57,Yes,5,6
BITS6552,7,88,Yes,9,4
BITS6553,7,90,No,8,9
BITS6554,9,87,Yes,6,3
BITS6555,2,82,Yes,7,9
BITS6556,6,73,Yes,7,1
BITS6557,9,87,No,8,7
BITS6558,2,72,Yes,8,4
BITS6559,2,88,No,4,3
BITS6560,5,57,Yes,6,8
BITS6561,8,96,Yes,6,1
BITS6562,9,68,No,8,2
BITS6563,2,84,Yes,9,7
BITS6564,5,44,Yes,5,3
BITS6565,7,64,Yes,6,8
BITS6566,6,63,No,7,9
BITS6567,6,68,No,9,9
BITS6568,7,98,No,8,9
BITS6569,3,77,Yes,6,9
BITS6570,3,72,No,4,8
BITS6571,9,49,Yes,8,9
BITS6572,8,76,Yes,7,8
BITS6573,5,99,Yes,4,0
BITS6574,6,72,Yes,8,5
BITS6575,1,62,Yes,8,9
BITS6576,1,97,Yes,6,5
BITS6577,4,50,Yes,4,7
BITS6578,2,63,Yes,8,6
BITS6579,7,63,No,9,6
BITS6580,2,46,No,7,1
BITS6581,2,89,Yes,4,3
BITS6582,5,60,No,9,0
BITS6583,4,59,No,6,6
BITS6584,8,92,No,5,3
BITS6585,4,49,Yes,8,8
BITS6586,6,64,No,5,5
BITS6587,5,86,Yes,8,5
BITS6588,2,75,No,9,8
BITS6589,8,87,No,6,7
BITS6590,2,86,No,6,5
BITS6591,9,,Yes,6,5
BITS6592,9,83,Yes,6,5
BITS6593,3,79,Yes,4,3
BITS6594,4,79,Yes,4,4
BITS6595,8,89,Yes,8,2
BITS6596,9,45,Yes,4,8
BITS6597,3,76,Yes,8,1
BITS6598,5,41,Yes,4,6
BITS6599,8,51,Yes,4,0
BITS6600,3,97,No,4,9
BITS6601,7,43,No,7,6
BITS6602,8,62,Yes,6,1
BITS6603,3,52,No,7,4
BITS6604,2,56,No,4,0
BITS6605,7,70,Yes,4,4
BITS6606,9,55,Yes,7,3
BITS6607,1,80,No,9,0
BITS6608,3,65,Yes,8,0
BITS6609,5,67,No,6,6
BITS6610,3,40,Yes,8,2
BITS6611,1,86,No,9,9
BITS6612,7,51,Yes,6,8
BITS6613,7,76,No,5,8
BITS6614,8,94,No,6,9
BITS6615,5,95,No,8,8
BITS6616,5,89,No,6,0
BITS6617,5,59,Yes,5,3
BITS6618,1,41,No,5,0
BITS6619,5,75,Yes,4,0
BITS6620,6,54,No,5,8
BITS6621,1,77,Yes,7,4
BITS6622,7,61,No,8,0
BITS6623,1,83,Yes,7,2
BITS6624,2,89,No,9,6
BITS6625,2,71,No,7,1
BITS6626,5,98,Yes,8,3
BITS6627,7,59,No,9,1
BITS6628,1,75,No,7,8
BITS6629,1,72,No,7,8
BITS6630,1,54,No,9,6
BITS6631,6,89,Yes,7,
BITS6632,2,85,No,5,1
BITS6633,1,42,Yes,8,9
BITS6634,6,68,Yes,8,7
BITS6635,2,86,Yes,8,0
BITS6636,6,66,Yes,7,7
BITS6637,8,44,No,5,4
BITS6638,2,98,No,8,3
BITS6639,9,95,Yes,6,9
BITS6640,8,70,No,8,1
BITS6641,1,61,No,4,2
BITS6642,7,74,Yes,6,9
BITS6643,6,93,Yes,8,1
BITS6644,6,46,Yes,7,3
BITS6645,6,45,No,8,2
BITS6646,6,65,Yes,5,4
BITS6647,7,93,Yes,5,6
BITS6648,3,40,No,8,8
BITS6649,6,58,No,7,4
BITS6650,3,46,No,7,7
BITS6651,7,75,No,7,1
BITS6652,7,51,No,8,5
BITS6653,8,59,No,8,7
BITS6654,2,62,No,4,8
BITS6655,9,64,No,5,3
BITS6656,5,69,Yes,6,3
BITS6657,9,98,No,6,6
BITS6658,5,68,Yes,5,3
BITS6659,7,70,No,9,4
BITS6660,9,57,No,4,1
BITS6661,4,80,Yes,5,1
BITS6662,2,58,No,4,9
BITS6663,9,93,Yes,9,4
BITS6664,2,43,No,4,9
BITS6665,3,40,Yes,7,9
BITS6666,2,80,Yes,5,1
BITS6667,3,98,No,6,5
BITS6668,6,54,Yes,8,5
BITS6669,3,93,Yes,9,7
BITS6670,8,47,No,9,0
BITS6671,6,54,No,8,6
BITS6672,7,54,Yes,5,6
BITS6673,1,89,No,8,8
BITS6674,3,78,Yes,4,3
BITS6675,3,61,Yes,8,6
BITS6676,2,57,Yes,4,5
BITS6677,7,55,No,4,3
BITS6678,9,41,No,6,9
BITS6679,4,75,Yes,8,7
BITS6680,5,59,Yes,6,2
BITS6681,3,55,Yes,8,7
BITS6682,9,42,No,4,4
BITS6683,4,95,Yes,8,3
BITS6684,5,69,No,9,2
BITS6685,1,94,Yes,9,9
BITS6686,2,41,Yes,6,6
BITS6687,9,74,Yes,7,6
BITS6688,2,65,Yes,9,
BITS6689,5,96,No,6,2
BITS6690,8,44,No,7,8
BITS6691,3,41,No,5,1
BITS6692,6,90,No,6,2
BITS6693,4,95,No,9,0
BITS6694,7,59,Yes,9,6
BITS6695,3,73,No,8,1
BITS6696,6,73,No,7,9
BITS6697,9,93,No,9,7
BITS6698,1,95,No,8,8
BITS6699,3,94,Yes,7,1
BITS6700,2,59,Yes,6,5
BITS6701,8,89,Yes,6,0
BITS6702,7,64,No,8,7
BITS6703,2,59,Yes,6,4
BITS6704,6,64,Yes,8,8
BITS6705,3,92,No,4,2
BITS6706,8,53,No,7,1
BITS6707,3,99,No,8,6
BITS6708,9,86,Yes,7,6
BITS6709,1,83,No,4,9
BITS6710,5,82,Yes,7,4
BITS6711,3,82,Yes,8,6
BITS6712,6,78,Yes,6,5
BITS6713,2,51,Yes,7,8
BITS6714,9,87,Yes,7,2
BITS6715,6,44,No,9,3
BITS6716,7,41,Yes,9,8
BITS6717,5,93,Yes,4,9
BITS6718,9,55,Yes,5,7
BITS6719,1,94,Yes,6,9
BITS6720,5,69,Yes,8,5
BITS6721,6,86,No,4,2
BITS6722,7,82,Yes,8,8
BITS6723,4,77,Yes,8,8
BITS6724,1,84,Yes,7,5
BITS6725,8,90,Yes,4,1
BITS6726,4,81,No,4,6
BITS6727,3,63,Yes,9,8
BITS6728,7,90,Yes,6,8
BITS6729,2,69,Yes,5,2
BITS6730,8,76,Yes,8,1
BITS6731,6,96,No,6,4
BITS6732,7,98,No,9,9
BITS6733,5,92,No,6,6
BITS6734,9,78,Yes,8,2
BITS6735,5,50,No,7,3
BITS6736,5,53,No,7,9
BITS6737,3,62,No,8,1
BITS6738,1,92,No,9,9
BITS6739,2,55,No,9,1
BITS6740,8,89,Yes,4,6
BITS6741,1,60,No,5,1
BITS6742,7,94,No,7,0
BITS6743,5,94,No,5,3
BITS6744,3,43,Yes,6,5
BITS6745,7,72,Yes,6,9
BITS6746,9,93,No,8,9
BITS6747,2,86,Yes,8,3
BITS6748,8,53,Yes,8,0
BITS6749,9,58,No,9,0
BITS6750,3,98,Yes,7,8
BITS6751,2,44,No,5,0
BITS6752,7,75,No,6,6
BITS6753,5,70,No,5,6
BITS6754,5,84,Yes,7,0
BITS6755,5,57,No,5,0
BITS6756,4,83,No,5,5
BITS6757,5,70,Yes,9,7
BITS6758,4,94,No,8,6
BITS6759,6,69,Yes,9,5
BITS6760,4,60,Yes,9,9
BITS6761,2,86,No,5,2
BITS6762,9,69,Yes,5,6
BITS6763,2,94,No,9,5
BITS6764,9,80,Yes,5,7
BITS6765,6,43,Yes,9,3
BITS6766,9,44,Yes,4,8
BITS6767,9,80,Yes,9,0
BITS6768,3,84,No,6,6
BITS6769,1,49,No,6,8
BITS6770,1,66,Yes,5,9
BITS6771,3,55,No,9,0
BITS6772,5,69,No,9,9
BITS6773,3,52,No,8,2
BITS6774,9,75,No,8,6
BITS6775,9,60,No,8,8
BITS6776,3,84,No,9,0
BITS6777,3,92,No,9,5
BITS6778,5,79,Yes,6,1
BITS6779,2,84,No,7,4
BITS6780,6,54,Yes,5,6
BITS6781,7,59,Yes,6,6
BITS6782,9,59,Yes,8,9
BITS6783,6,84,No,6,6
BITS6784,3,94,No,6,3
BITS6785,5,98,Yes,6,5
BITS6786,4,44,Yes,8,9
BITS6787,5,93,No,7,5
BITS6788,8,93,No,4,6
BITS6789,8,99,No,5,8
BITS6790,6,71,Yes,5,5
BITS6791,1,45,Yes,6,9
BITS6792,8,69,No,7,0
BITS6793,8,65,No,8,7
BITS6794,2,76,Yes,4,1
BITS6795,4,52,No,4,2
BITS6796,2,68,No,6,4
BITS6797,4,44,Yes,6,5
BITS6798,7,64,Yes,8,6
BITS6799,9,52,Yes,8,3
BITS6800,8,63,Yes,9,2
BITS6801,9,70,No,8,8
BITS6802,8,59,Yes,6,3
BITS6803,2,94,No,7,8
BITS6804,7,47,No,6,8
BITS6805,2,99,No,6,2
BITS6806,2,48,Yes,4,2
BITS6807,4,60,Yes,8,7
BITS6808,1,90,No,5,0
BITS6809,5,59,No,8,5
BITS6810,6,54,Yes,9,5
BITS6811,9,65,No,7,8
BITS6812,8,93,No,7,1
BITS6813,2,81,No,8,7
BITS6814,1,50,No,8,6
BITS6815,2,76,No,6,1
BITS6816,7,80,No,5,0
BITS6817,4,50,No,6,3
BITS6818,5,66,No,4,1
BITS6819,7,69,Yes,4,2
BITS6820,3,58,Yes,7,1
BITS6821,2,73,No,7,8
BITS6822,7,77,No,5,3
BITS6823,5,62,Yes,7,0
BITS6824,1,92,Yes,9,7
BITS6825,1,40,Yes,4,3
BITS6826,9,42,No,5,9
BITS6827,5,42,Yes,4,7
BITS6828,1,67,Yes,8,7
BITS6829,7,53,No,8,8
BITS6830,9,91,Yes,5,9
BITS6831,1,69,No,6,6
BITS6832,4,97,Yes,9,3
BITS6833,3,93,Yes,9,1
BITS6834,5,44,Yes,7,5
BITS6835,7,88,Yes,5,3
BITS6836,8,54,Yes,9,5
BITS6837,2,77,No,7,7
BITS6838,7,53,No,4,2
BITS6839,1,53,Yes,6,0
BITS6840,7,96,No,7,4
BITS6841,8,98,Yes,8,2
BITS6842,2,88,Yes,8,5
BITS6843,9,47,Yes,4,2
BITS6844,1,47,Yes,5,0
BITS6845,6,58,Yes,7,8
BITS6846,1,71,No,4,4
BITS6847,3,70,No,8,1
BITS6848,6,68,No,8,1
BITS6849,3,80,No,8,8
BITS6850,8,50,Yes,6,0
BITS6851,5,84,No,6,9
BITS6852,2,52,Yes,8,2
BITS6853,4,66,Yes,9,9
BITS6854,9,95,No,5,6
BITS6855,4,58,No,6,0
BITS6856,8,65,Yes,7,1
BITS6857,5,92,Yes,6,5
BITS6858,1,90,Yes,7,8
BITS6859,7,76,No,6,8
BITS6860,3,87,Yes,8,7
BITS6861,8,48,Yes,7,2
BITS6862,3,67,Yes,5,1
BITS6863,1,71,Yes,6,0
BITS6864,5,91,No,6,8
BITS6865,2,93,No,8,4
BITS6866,4,42,Yes,7,2
BITS6867,1,90,No,9,9
BITS6868,9,71,Yes,8,9
BITS6869,6,44,No,7,4
BITS6870,8,47,No,6,2
BITS6871,4,53,No,6,8
BITS6872,9,95,No,6,0
BITS6873,2,42,Yes,6,0
BITS6874,9,63,Yes,4,2
BITS6875,5,52,Yes,6,5
BITS6876,6,82,No,6,1
BITS6877,3,68,No,9,0
BITS6878,4,47,Yes,9,7
BITS6879,6,90,No,7,9
BITS6880,7,81,No,6,8
BITS6881,1,70,Yes,6,9
BITS6882,7,65,No,7,0
BITS6883,1,57,Yes,6,2
BITS6884,5,97,No,6,4
BITS6885,6,57,Yes,8,6
BITS6886,2,96,No,4,9
BITS6887,9,46,No,7,3
BITS6888,6,87,No,8,5
BITS6889,7,77,No,9,0
BITS6890,8,87,No,5,3
BITS6891,1,55,Yes,5,7
BITS6892,8,94,No,9,4
BITS6893,4,95,Yes,4,7
BITS6894,8,99,Yes,5,0
BITS6895,6,72,Yes,4,9
BITS6896,9,95,No,5,8
BITS6897,4,90,Yes,5,3
BITS6898,2,42,No,8,8
BITS6899,2,77,No,5,7
BITS6900,5,43,No,9,7
BITS6901,9,75,Yes,4,1
BITS6902,3,43,No,6,2
BITS6903,8,81,No,6,9
BITS6904,4,48,No,6,8
BITS6905,6,79,Yes,4,2
BITS6906,6,90,Yes,4,7
BITS6907,3,56,Yes,6,4
BITS6908,5,56,Yes,9,6
BITS6909,3,72,No,5,3
BITS6910,1,59,Yes,6,7
BITS6911,7,53,No,7,3
BITS6912,4,61,Yes,4,4
BITS6913,7,91,No,7,0
BITS6914,3,66,Yes,7,9
BITS6915,5,82,Yes,4,7
BITS6916,5,42,Yes,6,6
BITS6917,2,63,No,9,4
BITS6918,2,69,No,8,5
BITS6919,4,47,Yes,7,0
BITS6920,4,61,Yes,6,7
BITS6921,4,64,Yes,8,8
BITS6922,6,99,Yes,7,4
BITS6923,2,49,Yes,6,9
BITS6924,6,88,Yes,7,6
BITS6925,7,68,No,6,9
BITS6926,3,79,No,9,3
BITS6927,8,93,No,5,5
BITS6928,2,40,No,5,1
BITS6929,8,91,No,4,3
BITS6930,5,60,No,8,4
BITS6931,2,78,Yes,7,8
BITS6932,7,63,Yes,7,8
BITS6933,2,48,Yes,6,7
BITS6934,6,99,Yes,8,3
BITS6935,3,83,Yes,7,5
BITS6936,9,93,No,8,6
BITS6937,3,65,No,8,0
BITS6938,3,48,No,5,0
BITS6939,5,59,No,7,3
BITS6940,7,95,No,7,2
BITS6941,8,74,Yes,4,9
BITS6942,7,75,No,8,3
BITS6943,9,81,No,6,8
BITS6944,5,75,No,5,1
BITS6945,3,93,Yes,4,3
BITS6946,6,48,Yes,5,6
BITS6947,5,61,Yes,6,1
BITS6948,4,40,Yes,4,7
BITS6949,2,44,Yes,5,9
BITS6950,7,48,Yes,6,3
BITS6951,5,76,No,9,8
BITS6952,4,77,No,4,0
BITS6953,8,58,No,6,6
BITS6954,9,47,Yes,4,0
BITS6955,9,81,Yes,7,9
BITS6956,3,82,Yes,7,8
BITS6957,3,71,Yes,5,9
BITS6958,5,52,No,8,9
BITS6959,5,59,Yes,9,0
BITS6960,2,75,Yes,8,2
BITS6961,1,82,Yes,6,6
BITS6962,8,83,Yes,4,0
BITS6963,3,76,Yes,7,4
BITS6964,1,69,No,8,5
BITS6965,1,49,Yes,7,2
BITS6966,2,70,Yes,9,5
BITS6967,6,64,No,6,3
BITS6968,6,68,Yes,9,5
BITS6969,3,63,Yes,9,5
BITS6970,4,78,No,6,3
BITS6971,2,60,No,4,0
BITS6972,2,80,No,9,2
BITS6973,7,48,No,8,9
BITS6974,1,81,No,6,6
BITS6975,7,81,No,6,1
BITS6976,1,41,No,7,3
BITS6977,6,43,No,5,5
BITS6978,3,47,No,9,4
BITS6979,8,71,No,8,5
BITS6980,6,53,Yes,4,4
BITS6981,2,88,No,9,8
BITS6982,8,52,No,4,1
BITS6983,5,60,No,7,3
BITS6984,8,63,No,9,0
BITS6985,8,89,No,4,6
BITS6986,6,57,Yes,9,0
BITS6987,2,84,Yes,6,5
BITS6988,8,79,Yes,9,9
BITS6989,6,65,No,8,9
BITS6990,6,71,No,9,8
BITS6991,8,83,Yes,4,1
BITS6992,1,96,No,8,0
BITS6993,2,94,No,4,9
BITS6994,9,95,Yes,5,2
BITS6995,8,92,No,5,5
BITS6996,7,72,No,8,6
BITS6997,7,91,No,5,7
BITS6998,5,70,No,5,3
BITS6999,2,57,No,6,7
BITS7000,6,74,No,4,6
BITS7001,3,51,No,5,7
BITS7002,4,90,Yes,8,4
BITS7003,2,64,Yes,6,9
BITS7004,2,84,No,5,6
BITS7005,8,70,No,9,3
BITS7006,8,49,Yes,8,0
BITS7007,6,86,Yes,4,2
BITS7008,5,91,Yes,9,9
BITS7009,8,73,Yes,5,8
BITS7010,4,90,Yes,8,3
BITS7011,4,42,Yes,9,4
BITS7012,5,85,Yes,8,2
BITS7013,1,78,No,7,5
BITS7014,1,47,Yes,9,3
BITS7015,2,71,Yes,8,4
BITS7016,8,82,Yes,9,6
BITS7017,7,68,No,7,6
BITS7018,9,61,No,4,8
BITS7019,5,59,No,4,1
BITS7020,2,45,Yes,6,3
BITS7021,7,82,Yes,9,7
BITS7022,8,88,Yes,7,3
BITS7023,7,68,No,8,2
BITS7024,7,81,No,6,9
BITS7025,5,95,No,9,5
BITS7026,2,56,No,6,2
BITS7027,6,70,No,9,1
BITS7028,4,92,No,4,8
BITS7029,2,73,Yes,8,2
BITS7030,9,77,No,7,0
BITS7031,7,96,No,4,8
BITS7032,6,76,No,6,4
BITS7033,5,43,No,5,6
BITS7034,3,41,Yes,6,1
BITS7035,4,51,Yes,5,0
BITS7036,3,74,No,9,5
BITS7037,8,45,Yes,4,4
BITS7038,3,95,Yes,9,9
BITS7039,7,85,Yes,7,5
BITS7040,7,47,Yes,8,1
BITS7041,7,60,Yes,5,6
BITS7042,7,92,Yes,8,0
BITS7043,2,97,Yes,9,7
BITS7044,3,85,No,4,6
BITS7045,9,74,Yes,4,6
BITS7046,3,87,No,9,5
BITS7047,2,54,Yes,9,9
BITS7048,9,46,Yes,4,4
BITS7049,9,54,Yes,7,8
BITS7050,4,84,No,5,2
BITS7051,9,45,Yes,8,8
BITS7052,3,,No,6,4
BITS7053,7,56,Yes,9,7
BITS7054,7,43,Yes,9,2
BITS7055,8,61,No,4,6
BITS7056,4,71,Yes,8,9
BITS7057,3,98,Yes,8,3
BITS7058,3,61,Yes,7,4
BITS7059,5,66,No,5,3
BITS7060,1,85,Yes,7,8
BITS7061,3,54,Yes,7,6
BITS7062,6,99,Yes,8,5
BITS7063,3,83,No,5,5
BITS7064,5,90,Yes,5,9
BITS7065,9,61,No,5,6
BITS7066,2,67,Yes,4,4
BITS7067,2,81,Yes,5,9
BITS7068,6,77,No,8,2
BITS7069,6,99,No,4,2
BITS7070,8,96,No,6,6
BITS7071,2,48,No,9,9
BITS7072,9,73,No,7,0
BITS7073,2,75,Yes,5,3
BITS7074,1,48,Yes,6,9
BITS7075,2,54,No,5,7
BITS7076,7,84,Yes,7,3
BITS7077,8,59,Yes,8,0
BITS7078,5,47,No,8,4
BITS7079,6,97,No,7,0
BITS7080,1,67,No,6,8
BITS7081,6,90,Yes,4,7
BITS7082,8,58,No,9,6
BITS7083,3,96,Yes,9,4
BITS7084,1,55,No,9,3
BITS7085,4,50,No,4,6
BITS7086,1,81,No,5,2
BITS7087,8,47,No,7,7
BITS7088,5,72,Yes,7,4
BITS7089,1,49,Yes,4,4
BITS7090,8,57,Yes,6,0
BITS7091,9,74,No,9,9
BITS7092,2,82,Yes,7,7
BITS7093,9,89,Yes,8,6
BITS7094,8,42,Yes,8,0
BITS7095,7,79,No,7,3
BITS7096,3,66,Yes,9,3
BITS7097,2,98,No,9,8
BITS7098,7,67,No,9,9
BITS7099,5,85,Yes,6,1
BITS7100,6,45,Yes,8,3
BITS7101,4,86,No,6,9
BITS7102,2,53,No,4,2
BITS7103,9,46,No,5,9
BITS7104,3,49,Yes,9,4
BITS7105,7,54,No,4,6
BITS7106,8,70,No,5,4
BITS7107,2,68,No,8,4
BITS7108,6,81,Yes,5,3
BITS7109,8,93,No,5,8
BITS7110,7,56,No,7,5
BITS7111,3,98,No,5,9
BITS7112,1,90,No,7,5
BITS7113,6,68,No,5,5
BITS7114,8,88,Yes,7,5
BITS7115,6,83,Yes,8,0
BITS7116,5,54,No,8,5
BITS7117,8,65,No,5,3
BITS7118,2,51,No,6,1
BITS7119,1,64,No,8,5
BITS7120,1,80,No,4,0
BITS7121,4,44,No,4,0
BITS7122,6,43,Yes,7,4
BITS7123,9,83,No,6,5
BITS7124,1,87,No,9,1
BITS7125,1,80,Yes,7,9
BITS7126,5,96,Yes,5,7
BITS7127,5,70,Yes,8,3
BITS7128,5,42,Yes,6,3
BITS7129,6,92,No,7,9
BITS7130,8,42,Yes,7,4
BITS7131,3,65,Yes,4,9
BITS7132,9,89,Yes,5,3
BITS7133,1,56,No,7,4
BITS7134,4,99,No,4,9
BITS7135,9,49,No,6,2
BITS7136,8,41,Yes,7,7
BITS7137,9,63,No,9,5
BITS7138,1,50,Yes,9,7
BITS7139,9,63,Yes,4,4
BITS7140,3,74,Yes,9,6
BITS7141,9,62,Yes,5,9
BITS7142,1,71,No,8,6
BITS7143,1,62,No,9,5
BITS7144,9,73,No,6,9
BITS7145,6,80,No,7,3
BITS7146,4,58,Yes,4,5
BITS7147,7,41,Yes,7,8
BITS7148,5,99,Yes,8,3
BITS7149,7,90,Yes,7,5
BITS7150,8,41,Yes,7,5
BITS7151,8,54,No,4,2
BITS7152,1,95,No,8,3
BITS7153,8,60,Yes,6,2
BITS7154,6,74,Yes,4,2
BITS7155,4,44,No,8,9
BITS7156,8,82,No,8,3
BITS7157,3,66,Yes,7,3
BITS7158,4,63,No,5,5
BITS7159,6,46,No,5,3
BITS7160,7,45,Yes,6,5
BITS7161,4,85,Yes,7,1
BITS7162,4,72,No,5,3
BITS7163,7,97,No,4,1
BITS7164,6,88,Yes,6,7
BITS7165,8,56,No,7,8
BITS7166,1,85,No,9,6
BITS7167,7,81,No,4,5
BITS7168,7,69,Yes,5,7
BITS7169,7,47,No,5,3
BITS7170,7,79,No,5,9
BITS7171,8,85,Yes,5,1
BITS7172,9,46,Yes,8,3
BITS7173,9,45,No,9,4
BITS7174,2,43,Yes,6,8
BITS7175,7,40,Yes,6,4
BITS7176,7,54,No,5,8
BITS7177,4,70,Yes,6,8
BITS7178,9,64,No,9,7
BITS7179,8,86,No,4,4
BITS7180,1,72,Yes,4,1
BITS7181,2,91,No,6,4
BITS7182,2,74,No,5,0
BITS7183,8,94,No,7,7
BITS7184,1,44,No,9,1
BITS7185,4,44,No,5,6
BITS7186,5,75,Yes,8,1
BITS7187,9,56,Yes,7,4
BITS7188,7,92,No,9,9
BITS7189,8,91,No,8,6
BITS7190,9,53,Yes,6,5
BITS7191,7,97,No,8,4
BITS7192,5,68,No,6,5
BITS7193,5,47,No,8,1
BITS7194,6,73,Yes,7,9
BITS7195,5,79,No,8,0
BITS7196,9,40,Yes,5,0
BITS7197,3,68,No,6,7
BITS7198,3,75,No,4,2
BITS7199,7,90,Yes,8,2
BITS7200,7,76,Yes,6,8
BITS7201,6,68,No,4,5
BITS7202,3,44,No,6,3
BITS7203,7,92,No,6,3
BITS7204,5,71,Yes,4,6
BITS7205,7,99,No,4,5
BITS7206,2,91,Yes,7,1
BITS7207,6,63,No,9,8
BITS7208,8,58,No,8,1
BITS7209,1,51,No,8,7
BITS7210,4,91,No,6,3
BITS7211,1,40,No,5,9
BITS7212,1,46,No,5,0
BITS7213,8,56,No,9,0
BITS7214,7,73,Yes,6,8
BITS7215,1,82,No,7,3
BITS7216,2,46,No,4,0
BITS7217,4,56,No,6,2
BITS7218,1,98,No,8,2
BITS7219,3,42,Yes,5,6
BITS7220,8,68,Yes,5,5
BITS7221,8,61,No,5,7
BITS7222,8,77,No,7,6
BITS7223,6,93,Yes,8,0
BITS7224,6,82,Yes,7,2
BITS7225,5,68,Yes,4,8
BITS7226,9,89,No,6,3
BITS7227,4,89,Yes,6,2
BITS7228,7,93,Yes,5,4
BITS7229,1,81,No,5,7
BITS7230,9,44,No,4,0
BITS7231,7,69,No,7,1
BITS7232,,62,Yes,9,6
BITS7233,7,94,Yes,9,0
BITS7234,2,60,Yes,9,4
BITS7235,6,95,Yes,8,9
BITS7236,4,65,No,4,7
BITS7237,3,93,Yes,6,5
BITS7238,2,86,No,6,2
BITS7239,6,60,Yes,7,6
BITS7240,8,59,Yes,4,2
BITS7241,6,62,Yes,8,4
BITS7242,9,43,No,4,6
BITS7243,5,60,Yes,4,1
BITS7244,2,60,No,7,9
BITS7245,8,40,No,8,3
BITS7246,9,54,No,9,1
BITS7247,4,56,No,6,6
BITS7248,6,90,Yes,5,2
BITS7249,8,53,Yes,9,8
BITS7250,9,98,No,8,5
BITS7251,5,58,No,6,0
BITS7252,6,89,Yes,9,9
BITS7253,4,99,Yes,7,7
BITS7254,5,73,No,8,6
BITS7255,7,45,Yes,8,0
BITS7256,9,84,Yes,6,2
BITS7257,6,88,Yes,6,2
BITS7258,6,45,No,4,2
BITS7259,8,92,No,4,6
BITS7260,4,93,No,8,5
BITS7261,3,44,No,5,1
BITS7262,7,46,No,7,4
BITS7263,5,72,Yes,6,5
BITS7264,2,52,Yes,4,1
BITS7265,2,90,Yes,7,0
BITS7266,6,93,No,9,3
BITS7267,8,40,Yes,9,3
BITS7268,1,52,No,8,3
BITS7269,6,82,No,6,0
BITS7270,2,66,No,9,2
BITS7271,2,46,No,6,6
BITS7272,7,91,No,4,3
BITS7273,1,42,No,9,1
BITS7274,6,97,Yes,5,7
BITS7275,7,64,No,9,0
BITS7276,8,72,Yes,6,8
BITS7277,7,79,No,5,4
BITS7278,6,56,Yes,7,1
BITS7279,9,84,No,9,3
BITS7280,3,53,No,6,2
BITS7281,6,76,Yes,9,6
BITS7282,4,97,No,9,5
BITS7283,2,95,No,6,8
BITS7284,1,93,Yes,5,3
BITS7285,1,62,Yes,4,2
BITS7286,3,98,No,9,6
BITS7287,4,63,Yes,8,5
BITS7288,2,68,Yes,7,4
BITS7289,1,77,No,6,9
BITS7290,4,98,Yes,9,6
BITS7291,7,93,No,4,4
BITS7292,6,66,Yes,6,8
BITS7293,6,77,No,9,3
BITS7294,9,92,No,7,0
BITS7295,2,79,No,8,9
BITS7296,4,84,Yes,6,4
BITS7297,5,89,No,9,0
BITS7298,1,62,Yes,5,0
BITS7299,8,70,No,4,0
BITS7300,8,75,No,8,0
BITS7301,6,56,No,6,7
BITS7302,5,76,Yes,9,1
BITS7303,8,42,No,8,8
BITS7304,3,75,No,5,6
BITS7305,3,94,Yes,6,2
BITS7306,2,44,No,8,8
BITS7307,5,85,No,6,3
BITS7308,3,54,Yes,6,6
BITS7309,3,91,Yes,8,2
BITS7310,6,88,Yes,6,4
BITS7311,8,45,No,5,3
BITS7312,2,98,Yes,8,5
BITS7313,4,49,No,9,8
BITS7314,7,93,No,8,4
BITS7315,1,71,Yes,5,0
BITS7316,1,62,Yes,5,4
BITS7317,7,87,No,5,4
BITS7318,7,56,Yes,9,8
BITS7319,1,85,Yes,9,7
BITS7320,1,59,No,6,4
BITS7321,4,83,Yes,6,4
BITS7322,5,80,Yes,7,1
BITS7323,5,54,Yes,6,8
BITS7324,4,83,No,5,3
BITS7325,8,85,Yes,7,6
BITS7326,7,97,Yes,5,9
BITS7327,9,61,No,4,5
BITS7328,7,89,No,9,4
BITS7329,1,91,No,8,4
BITS7330,7,45,No,4,6
BITS7331,1,43,Yes,9,1
BITS7332,7,97,No,9,8
BITS7333,8,62,No,5,1
BITS7334,9,83,Yes,6,8
BITS7335,3,84,No,8,3
BITS7336,4,58,No,6,9
BITS7337,4,93,Yes,6,9
BITS7338,9,84,No,8,5
BITS7339,7,70,No,8,0
BITS7340,3,83,Yes,4,4
BITS7341,5,91,Yes,5,5
BITS7342,7,42,Yes,6,8
BITS7343,8,67,Yes,5,8
BITS7344,1,42,Yes,5,8
BITS7345,2,53,Yes,7,2
BITS7346,7,57,Yes,4,3
BITS7347,2,66,Yes,6,7
BITS7348,7,90,Yes,9,7
BITS7349,9,99,Yes,8,1
BITS7350,2,49,Yes,8,7
BITS7351,7,88,Yes,5,6
BITS7352,4,54,No,4,8
BITS7353,2,58,Yes,4,4
BITS7354,7,48,Yes,6,1
BITS7355,5,43,Yes,6,4
BITS7356,1,54,Yes,5,1
BITS7357,5,90,Yes,5,4
BITS7358,3,87,No,5,8
BITS7359,7,47,No,7,6
BITS7360,6,88,No,4,6
BITS7361,8,92,No,5,0
BITS7362,5,40,Yes,4,8
BITS7363,2,46,No,9,5
BITS7364,9,92,No,8,6
BITS7365,8,70,Yes,8,1
BITS7366,6,57,No,4,0
BITS7367,7,51,No,9,3
BITS7368,9,87,Yes,8,8
BITS7369,7,69,Yes,8,8
BITS7370,3,72,No,8,2
BITS7371,6,98,Yes,6,0
BITS7372,7,86,No,9,1
BITS7373,2,46,Yes,6,8
BITS7374,3,67,No,4,8
BITS7375,4,88,No,4,0
BITS7376,6,42,No,7,8
BITS7377,1,82,Yes,6,0
BITS7378,9,45,Yes,4,9
BITS7379,5,70,No,6,3
BITS7380,7,77,Yes,7,4
BITS7381,9,54,Yes,4,7
BITS7382,9,46,No,4,4
BITS7383,1,82,Yes,4,4
BITS7384,1,69,Yes,4,3
BITS7385,3,66,No,5,8
BITS7386,6,56,No,9,7
BITS7387,2,94,Yes,9,8
BITS7388,1,57,Yes,6,6
BITS7389,1,61,Yes,6,6
BITS7390,5,95,No,6,4
BITS7391,4,92,Yes,7,9
BITS7392,1,65,Yes,5,0
BITS7393,4,90,Yes,6,5
BITS7394,3,66,Yes,6,9
BITS7395,2,79,Yes,4,5
BITS7396,9,63,Yes,4,9
BITS7397,1,91,No,4,3
BITS7398,7,47,No,6,1
BITS7399,4,60,No,4,0
BITS7400,5,68,Yes,6,2
BITS7401,5,82,Yes,7,8
BITS7402,1,60,No,7,0
BITS7403,6,42,No,8,4
BITS7404,9,70,No,5,9
BITS7405,2,94,No,4,5
BITS7406,7,66,No,9,8
BITS7407,6,85,Yes,4,0
BITS7408,5,66,Yes,5,4
BITS7409,4,48,Yes,5,0
BITS7410,4,96,Yes,8,1
BITS7411,6,72,Yes,5,1
BITS7412,4,72,No,6,4
BITS7413,5,65,No,4,9
BITS7414,6,67,Yes,5,3
BITS7415,5,83,No,6,5
BITS7416,7,82,Yes,5,4
BITS7417,9,70,Yes,9,1
BITS7418,7,92,No,6,8
BITS7419,7,40,Yes,7,9
BITS7420,4,59,Yes,6,7
BITS7421,1,51,Yes,8,8
BITS7422,8,56,No,6,5
BITS7423,4,54,No,5,4
BITS7424,1,73,Yes,7,4
BITS7425,5,89,Yes,7,1
BITS7426,8,55,No,6,3
BITS7427,4,43,No,5,1
BITS7428,8,47,No,7,1
BITS7429,8,73,No,9,7
BITS7430,3,85,Yes,6,3
BITS7431,9,64,Yes,6,3
BITS7432,3,54,Yes,6,6
BITS7433,1,67,No,7,3
BITS7434,2,48,No,4,8
BITS7435,6,41,Yes,5,8
BITS7436,2,56,No,8,2
BITS7437,6,97,Yes,8,5
BITS7438,1,49,No,5,6
BITS7439,1,,Yes,4,2
BITS7440,5,70,Yes,5,3
BITS7441,9,41,Yes,6,0
BITS7442,8,63,Yes,9,8
BITS7443,3,58,No,5,6
BITS7444,3,56,Yes,5,9
BITS7445,1,82,Yes,9,6
BITS7446,3,88,Yes,7,8
BITS7447,1,49,Yes,8,5
BITS7448,8,89,No,8,7
BITS7449,1,94,Yes,6,4
BITS7450,5,67,Yes,9,7
BITS7451,9,77,No,6,9
BITS7452,7,87,Yes,7,0
BITS7453,4,67,Yes,6,2
BITS7454,9,98,Yes,9,3
BITS7455,9,89,Yes,9,8
BITS7456,2,91,No,4,7
BITS7457,6,89,No,7,7
BITS7458,4,40,No,9,1
BITS7459,8,99,No,9,6
BITS7460,7,42,No,7,2
BITS7461,7,54,No,5,5
BITS7462,9,91,Yes,5,3
BITS7463,5,49,Yes,4,5
BITS7464,6,60,Yes,9,3
BITS7465,1,76,Yes,7,2
BITS7466,6,54,No,7,1
BITS7467,2,62,Yes,5,3
BITS7468,6,53,Yes,8,9
BITS7469,9,54,No,8,1
BITS7470,8,49,Yes,9,6
BITS7471,9,95,Yes,5,0
BITS7472,8,48,No,9,0
BITS7473,3,83,Yes,6,4
BITS7474,8,78,Yes,7,6
BITS7475,6,44,No,9,0
BITS7476,6,64,Yes,4,3
BITS7477,6,95,Yes,8,4
BITS7478,3,81,Yes,9,1
BITS7479,1,96,Yes,6,6
BITS7480,4,65,Yes,7,3
BITS7481,6,47,No,6,7
BITS7482,2,61,Yes,9,0
BITS7483,7,91,Yes,7,9
BITS7484,7,64,Yes,7,0
BITS7485,4,87,No,5,0
BITS7486,4,51,No,5,3
BITS7487,1,48,No,4,0
BITS7488,2,49,,4,4
BITS7489,9,87,Yes,6,5
BITS7490,8,49,Yes,5,6
BITS7491,8,48,Yes,7,7
BITS7492,9,65,Yes,5,7
BITS7493,7,74,No,7,1
BITS7494,9,66,Yes,5,3
BITS7495,2,99,Yes,7,6
BITS7496,6,70,No,6,8
BITS7497,3,58,No,5,8
BITS7498,6,82,No,8,2
BITS7499,3,77,No,8,6
BITS7500,8,45,No,7,3
BITS7501,4,54,Yes,6,8
BITS7502,6,68,Yes,7,6
BITS7503,9,86,Yes,6,5
BITS7504,2,84,Yes,4,8
BITS7505,2,93,Yes,5,6
BITS7506,7,44,No,6,7
BITS7507,2,53,Yes,7,4
BITS7508,2,92,Yes,4,3
BITS7509,4,41,No,7,0
BITS7510,9,62,No,8,7
BITS7511,8,83,Yes,8,5
BITS7512,2,91,Yes,5,3
BITS7513,8,85,No,9,2
BITS7514,4,58,Yes,5,4
BITS7515,2,63,No,4,3
BITS7516,7,59,Yes,8,6
BITS7517,6,86,No,6,5
BITS7518,5,66,No,8,2
BITS7519,1,91,No,9,9
BITS7520,2,63,Yes,5,0
BITS7521,8,56,No,7,6
BITS7522,1,64,No,4,4
BITS7523,3,85,Yes,9,0
BITS7524,2,94,Yes,8,0
BITS7525,5,70,Yes,6,5
BITS7526,4,67,No,9,3
BITS7527,7,89,No,6,7
BITS7528,5,98,No,6,1
BITS7529,8,67,Yes,4,3
BITS7530,4,61,Yes,6,7
BITS7531,6,95,No,6,7
BITS7532,4,98,Yes,8,4
BITS7533,2,44,Yes,4,2
BITS7534,1,93,No,7,3
BITS7535,1,83,No,7,2
BITS7536,8,81,Yes,6,1
BITS7537,4,47,No,9,3
BITS7538,5,77,Yes,5,8
BITS7539,8,67,Yes,4,5
BITS7540,,96,No,5,3
BITS7541,8,86,No,4,0
BITS7542,8,51,Yes,4,6
BITS7543,6,96,Yes,8,1
BITS7544,2,64,No,6,5
BITS7545,6,77,Yes,8,9
BITS7546,1,83,Yes,9,0
BITS7547,1,54,Yes,5,6
BITS7548,3,83,Yes,5,3
BITS7549,3,80,Yes,7,2
BITS7550,5,90,No,9,9
BITS7551,1,92,Yes,9,6
BITS7552,6,73,Yes,8,2
BITS7553,7,99,No,8,7
BITS7554,3,84,No,9,3
BITS7555,4,52,No,8,2
BITS7556,3,47,Yes,7,6
BITS7557,1,98,Yes,8,6
BITS7558,8,52,No,8,8
BITS7559,2,75,No,9,9
BITS7560,1,45,No,9,6
BITS7561,8,77,No,8,5
BITS7562,7,71,No,8,2
BITS7563,7,60,Yes,9,3
BITS7564,4,83,No,5,7
BITS7565,9,83,Yes,6,5
BITS7566,6,88,Yes,5,8
BITS7567,2,98,No,8,7
BITS7568,1,46,No,4,7
BITS7569,1,65,No,4,9
BITS7570,9,54,No,7,9
BITS7571,4,95,No,5,6
BITS7572,5,88,Yes,9,9
BITS7573,3,81,No,7,0
BITS7574,4,62,No,7,4
BITS7575,8,91,Yes,4,6
BITS7576,4,77,No,5,9
BITS7577,9,80,No,6,8
BITS7578,9,54,No,9,3
BITS7579,6,87,Yes,5,7
BITS7580,2,92,No,7,0
BITS7581,7,79,No,8,3
BITS7582,9,55,No,7,3
BITS7583,6,71,No,5,1
BITS7584,3,76,Yes,4,2
BITS7585,7,57,No,5,2
BITS7586,5,59,Yes,6,8
BITS7587,1,85,No,9,6
BITS7588,3,41,No,9,1
BITS7589,5,94,No,8,8
BITS7590,7,62,Yes,8,7
BITS7591,3,69,No,7,5
BITS7592,6,42,No,5,5
BITS7593,5,85,Yes,9,1
BITS7594,1,78,No,4,2
BITS7595,6,86,No,6,5
BITS7596,8,88,No,7,2
BITS7597,1,40,No,5,6
BITS7598,2,80,Yes,4,4
BITS7599,4,61,Yes,5,3
BITS7600,2,68,Yes,4,7
BITS7601,9,53,No,5,1
BITS7602,8,87,No,5,2
BITS7603,8,67,No,9,9
BITS7604,4,60,No,7,3
BITS7605,5,84,Yes,5,9
BITS7606,4,71,No,5,5
BITS7607,9,45,Yes,7,4
BITS7608,2,93,No,7,4
BITS7609,8,40,No,8,6
BITS7610,2,60,Yes,8,7
BITS7611,1,96,No,9,5
BITS7612,3,43,Yes,7,2
BITS7613,9,42,Yes,6,3
BITS7614,3,88,No,9,0
BITS7615,9,69,Yes,4,4
BITS7616,7,70,Yes,7,9
BITS7617,1,73,No,8,7
BITS7618,5,58,Yes,5,2
BITS7619,9,59,Yes,7,9
BITS7620,3,62,No,7,3
BITS7621,9,93,Yes,8,3
BITS7622,5,98,No,8,5
BITS7623,9,79,Yes,6,8
BITS7624,6,64,No,9,9
BITS7625,9,54,No,8,2
BITS7626,7,77,No,8,3
BITS7627,7,62,No,8,5
BITS7628,8,91,No,9,5
BITS7629,7,41,Yes,5,6
BITS7630,9,96,No,7,0
BITS7631,9,96,No,7,8
BITS7632,6,54,Yes,8,1
BITS7633,7,91,No,9,3
BITS7634,2,83,Yes,6,2
BITS7635,9,74,Yes,8,2
BITS7636,1,49,No,9,4
BITS7637,1,53,Yes,9,6
BITS7638,3,66,Yes,6,6
BITS7639,6,93,Yes,9,6
BITS7640,5,53,No,7,2
BITS7641,2,74,Yes,6,8
BITS7642,9,72,No,6,5
BITS7643,4,91,No,4,9
BITS7644,4,40,Yes,6,7
BITS7645,5,73,No,6,0
BITS7646,8,58,Yes,5,3
BITS7647,4,63,Yes,7,6
BITS7648,5,81,No,8,8
BITS7649,4,43,No,4,2
BITS7650,6,75,No,6,5
BITS7651,3,52,Yes,5,7
BITS7652,8,97,Yes,5,2
BITS7653,6,71,Yes,9,5
BITS7654,5,48,No,8,8
BITS7655,2,78,Yes,8,8
BITS7656,7,55,Yes,7,5
BITS7657,2,89,Yes,9,4
BITS7658,1,42,Yes,6,0
BITS7659,7,91,No,5,2
BITS7660,5,59,Yes,4,2
BITS7661,1,49,No,7,3
BITS7662,4,95,Yes,6,4
BITS7663,4,97,Yes,9,7
BITS7664,7,97,Yes,8,8
BITS7665,9,61,No,9,6
BITS7666,2,87,No,6,9
BITS7667,1,42,No,9,5
BITS7668,2,50,Yes,8,2
BITS7669,7,64,Yes,6,8
BITS7670,6,81,No,4,9
BITS7671,4,87,Yes,7,0
BITS7672,1,47,Yes,9,8
BITS7673,1,48,No,8,2
BITS7674,5,54,Yes,4,8
BITS7675,1,71,Yes,5,9
BITS7676,7,92,Yes,4,0
BITS7677,1,42,No,4,7
BITS7678,1,43,Yes,4,5
BITS7679,2,69,No,8,8
BITS7680,3,52,Yes,5,3
BITS7681,1,83,No,7,4
BITS7682,9,60,No,4,5
BITS7683,8,80,No,8,8
BITS7684,5,96,No,8,5
BITS7685,2,85,Yes,7,8
BITS7686,5,58,No,6,1
BITS7687,6,78,Yes,5,3
BITS7688,1,87,Yes,5,2
BITS7689,4,61,No,9,3
BITS7690,9,59,Yes,4,0
BITS7691,2,76,Yes,6,1
BITS7692,5,70,Yes,5,3
BITS7693,1,49,Yes,9,9
BITS7694,4,57,No,4,3
BITS7695,4,82,Yes,6,4
BITS7696,6,78,Yes,8,8
BITS7697,9,85,Yes,4,0
BITS7698,3,59,Yes,6,7
BITS7699,9,57,Yes,7,2
BITS7700,6,50,No,5,8
BITS7701,7,61,Yes,4,7
BITS7702,2,98,No,9,7
BITS7703,6,83,Yes,8,8
BITS7704,6,57,No,9,3
BITS7705,2,97,Yes,4,4
BITS7706,2,73,Yes,5,6
BITS7707,2,62,No,5,1
BITS7708,1,40,No,6,6
BITS7709,5,94,No,9,2
BITS7710,8,49,Yes,9,5
BITS7711,2,92,No,8,5
BITS7712,5,40,No,6,5
BITS7713,8,77,No,8,9
BITS7714,5,78,Yes,4,1
BITS7715,2,88,Yes,4,8
BITS7716,3,48,Yes,9,7
BITS7717,6,70,No,6,6
BITS7718,5,46,Yes,7,8
BITS7719,4,56,Yes,5,3
BITS7720,4,74,Yes,6,1
BITS7721,5,87,Yes,6,3
BITS7722,2,76,No,4,9
BITS7723,9,91,Yes,5,2
BITS7724,2,57,No,6,1
BITS7725,2,72,No,4,1
BITS7726,9,43,No,4,7
BITS7727,3,62,No,9,4
BITS7728,7,50,No,9,5
BITS7729,4,91,No,6,7
BITS7730,6,48,Yes,6,6
BITS7731,4,69,No,4,6
BITS7732,7,47,Yes,9,6
BITS7733,1,79,No,6,6
BITS7734,3,44,Yes,5,7
BITS7735,3,51,No,4,0
BITS7736,1,40,Yes,4,2
BITS7737,6,54,Yes,6,0
BITS7738,9,64,No,6,7
BITS7739,8,57,No,6,1
BITS7740,7,77,No,5,6
BITS7741,8,81,No,4,5
BITS7742,6,85,Yes,7,0
BITS7743,9,92,Yes,5,5
BITS7744,3,65,No,5,8
BITS7745,9,79,No,9,2
BITS7746,4,98,Yes,4,6
BITS7747,7,42,No,7,3
BITS7748,9,93,Yes,4,0
BITS7749,2,61,No,5,6
BITS7750,2,65,No,6,0
BITS7751,9,58,Yes,4,3
BITS7752,3,83,Yes,4,8
BITS7753,9,83,No,6,4
BITS7754,5,86,Yes,7,6
BITS7755,6,99,No,7,6
BITS7756,2,78,Yes,4,2
BITS7757,8,98,No,6,7
BITS7758,9,75,No,9,0
BITS7759,2,60,No,4,3
BITS7760,6,80,Yes,6,9
BITS7761,6,93,Yes,5,3
BITS7762,8,87,Yes,9,1
BITS7763,5,65,Yes,6,5
BITS7764,9,52,No,4,0
BITS7765,1,75,Yes,8,2
BITS7766,9,63,Yes,7,8
BITS7767,7,80,Yes,4,9
BITS7768,4,65,No,6,5
BITS7769,3,60,Yes,9,1
BITS7770,6,57,Yes,9,8
BITS7771,,54,No,6,1
BITS7772,3,54,No,7,6
BITS7773,2,45,No,4,0
BITS7774,9,82,No,9,4
BITS7775,3,70,No,9,6
BITS7776,2,67,No,8,2
BITS7777,4,47,No,5,3
BITS7778,2,68,Yes,8,4
BITS7779,1,60,No,5,2
BITS7780,6,56,No,9,5
BITS7781,8,95,No,5,2
BITS7782,2,96,No,4,7
BITS7783,9,88,No,9,6
BITS7784,3,63,Yes,9,0
BITS7785,8,97,Yes,5,1
BITS7786,8,99,Yes,6,3
BITS7787,3,89,Yes,5,4
BITS7788,3,75,Yes,5,9
BITS7789,6,70,Yes,7,3
BITS7790,1,86,Yes,7,3
BITS7791,4,73,No,4,8
BITS7792,1,41,No,4,3
BITS7793,3,81,No,6,3
BITS7794,9,42,No,7,3
BITS7795,5,69,No,8,1
BITS7796,5,47,No,4,7
BITS7797,4,91,Yes,4,3
BITS7798,3,46,No,7,4
BITS7799,5,51,No,7,7
BITS7800,4,97,No,6,3
BITS7801,8,58,Yes,7,4
BITS7802,4,65,Yes,5,4
BITS7803,8,67,Yes,9,5
BITS7804,6,54,No,8,6
BITS7805,5,53,No,9,2
BITS7806,4,87,No,5,9
BITS7807,4,98,Yes,5,2
BITS7808,4,53,Yes,9,8
BITS7809,9,42,No,5,0
BITS7810,4,89,Yes,4,9
BITS7811,9,68,No,9,7
BITS7812,6,99,Yes,5,9
BITS7813,7,93,Yes,4,2
BITS7814,3,45,Yes,7,4
BITS7815,8,88,No,8,2
BITS7816,3,62,Yes,8,9
BITS7817,1,67,No,5,0
BITS7818,5,53,No,8,9
BITS7819,2,53,No,4,4
BITS7820,6,59,Yes,7,7
BITS7821,9,52,Yes,5,4
BITS7822,1,66,Yes,6,3
BITS7823,4,99,No,9,8
BITS7824,1,74,Yes,8,0
BITS7825,1,84,Yes,8,4
BITS7826,8,,No,5,0
BITS7827,2,41,No,9,5
BITS7828,1,80,No,9,9
BITS7829,8,84,Yes,8,8
BITS7830,4,79,Yes,8,1
BITS7831,3,87,No,6,3
BITS7832,4,63,Yes,9,7
BITS7833,5,68,No,4,2
BITS7834,1,42,Yes,5,6
BITS7835,1,84,No,5,6
BITS7836,3,43,Yes,6,1
BITS7837,6,89,No,6,9
BITS7838,1,41,No,4,3
BITS7839,2,59,No,7,0
BITS7840,7,93,Yes,5,7
BITS7841,1,92,Yes,9,9
BITS7842,7,54,Yes,8,9
BITS7843,4,88,No,4,8
BITS7844,6,71,No,5,0
BITS7845,8,81,No,9,6
BITS7846,9,40,No,4,0
BITS7847,6,77,No,7,0
BITS7848,9,74,No,9,8
BITS7849,4,90,No,5,9
BITS7850,6,46,No,8,9
BITS7851,8,84,No,9,5
BITS7852,9,52,Yes,5,0
BITS7853,3,88,No,4,6
BITS7854,2,40,Yes,7,2
BITS7855,6,53,No,9,9
BITS7856,4,68,Yes,4,3
BITS7857,1,97,No,4,3
BITS7858,8,42,Yes,6,7
BITS7859,9,85,No,4,0
BITS7860,9,63,No,9,7
BITS7861,2,40,No,7,8
BITS7862,9,87,Yes,8,6
BITS7863,7,49,No,6,0
BITS7864,5,52,Yes,4,6
BITS7865,7,75,Yes,9,5
BITS7866,9,48,Yes,5,4
BITS7867,8,53,Yes,6,4
BITS7868,6,75,Yes,7,0
BITS7869,4,49,No,5,5
BITS7870,1,79,Yes,7,3
BITS7871,6,62,Yes,5,0
BITS7872,3,74,Yes,8,7
BITS7873,6,94,Yes,7,7
BITS7874,6,46,No,5,3
BITS7875,4,81,No,7,6
BITS7876,2,74,No,6,2
BITS7877,9,41,Yes,7,7
BITS7878,2,54,Yes,9,6
BITS7879,3,48,Yes,7,4
BITS7880,1,86,No,5,4
BITS7881,7,56,Yes,7,8
BITS7882,1,78,No,8,5
BITS7883,9,91,Yes,4,5
BITS7884,1,57,Yes,6,1
BITS7885,5,54,No,9,4
BITS7886,7,57,Yes,5,3
BITS7887,3,63,No,7,9
BITS7888,9,62,Yes,7,2
BITS7889,8,51,No,7,8
BITS7890,3,62,Yes,6,6
BITS7891,5,60,Yes,9,3
BITS7892,7,65,Yes,4,8
BITS7893,4,47,Yes,8,8
BITS7894,5,69,Yes,9,6
BITS7895,3,73,No,8,4
BITS7896,9,41,No,9,8
BITS7897,9,44,Yes,5,6
BITS7898,7,70,No,4,8
BITS7899,2,72,No,4,2
BITS7900,7,93,No,6,8
BITS7901,7,43,No,9,0
BITS7902,5,45,Yes,7,4
BITS7903,9,62,No,4,1
BITS7904,3,84,No,9,0
BITS7905,4,58,Yes,7,2
BITS7906,1,82,Yes,6,6
BITS7907,6,84,Yes,9,2
BITS7908,4,47,Yes,9,9
BITS7909,1,78,Yes,5,9
BITS7910,2,52,Yes,9,8
BITS7911,3,40,Yes,5,2
BITS7912,9,45,Yes,7,5
BITS7913,8,46,No,7,1
BITS7914,7,87,Yes,4,7
BITS7915,4,66,No,6,9
BITS7916,1,54,Yes,5,4
BITS7917,8,91,Yes,4,1
BITS7918,4,73,No,8,6
BITS7919,3,97,Yes,4,2
BITS7920,9,96,Yes,7,4
BITS7921,4,62,No,8,8
BITS7922,4,87,No,4,0
BITS7923,9,88,No,9,1
BITS7924,2,63,No,6,4
BITS7925,5,54,No,5,3
BITS7926,4,74,No,9,0
BITS7927,9,43,Yes,8,6
BITS7928,5,83,Yes,6,8
BITS7929,9,76,Yes,4,0
BITS7930,9,56,Yes,9,7
BITS7931,2,70,Yes,7,8
BITS7932,9,77,No,7,1
BITS7933,3,49,No,6,0
BITS7934,4,93,Yes,7,5
BITS7935,1,89,No,5,6
BITS7936,1,66,Yes,6,1
BITS7937,1,81,No,6,4
BITS7938,9,45,Yes,7,4
BITS7939,,95,Yes,6,6
BITS7940,5,45,Yes,4,0
BITS7941,5,91,No,8,9
BITS7942,9,54,No,9,7
BITS7943,3,43,Yes,8,
BITS7944,3,96,No,9,2
BITS7945,7,87,Yes,7,8
BITS7946,9,93,Yes,5,2
BITS7947,6,95,No,5,6
BITS7948,2,79,Yes,7,9
BITS7949,1,46,Yes,7,6
BITS7950,2,90,Yes,6,9
BITS7951,1,97,No,5,7
BITS7952,9,88,Yes,8,9
BITS7953,8,92,Yes,7,7
BITS7954,7,84,Yes,8,3
BITS7955,3,86,Yes,9,0
BITS7956,8,65,No,8,3
BITS7957,2,97,Yes,5,5
BITS7958,2,70,Yes,9,9
BITS7959,3,41,No,8,5
BITS7960,7,67,No,6,5
BITS7961,1,81,No,6,6
BITS7962,8,52,No,5,0
BITS7963,7,57,No,6,9
BITS7964,4,69,No,7,0
BITS7965,5,94,Yes,9,6
BITS7966,1,50,Yes,5,3
BITS7967,,52,No,9,5
BITS7968,1,90,Yes,8,5
BITS7969,1,63,No,7,8
BITS7970,1,96,Yes,5,1
BITS7971,7,68,No,8,3
BITS7972,7,95,No,8,3
BITS7973,4,93,Yes,8,6
BITS7974,2,44,No,8,0
BITS7975,3,74,Yes,8,4
BITS7976,8,58,No,5,3
BITS7977,8,94,No,6,1
BITS7978,6,52,Yes,8,4
BITS7979,9,44,No,7,8
BITS7980,9,83,Yes,5,7
BITS7981,4,53,Yes,4,8
BITS7982,1,77,Yes,6,6
BITS7983,1,61,Yes,7,9
BITS7984,5,48,Yes,8,6
BITS7985,2,88,No,5,1
BITS7986,6,79,No,5,2
BITS7987,7,65,Yes,8,9
BITS7988,1,84,No,7,7
BITS7989,6,44,Yes,5,1
BITS7990,8,68,No,9,6
BITS7991,5,93,Yes,6,5
BITS7992,7,61,No,7,9
BITS7993,6,88,Yes,8,3
BITS7994,4,42,No,7,3
BITS7995,7,67,Yes,9,2
BITS7996,9,77,Yes,7,5
BITS7997,7,53,No,4,2
BITS7998,5,86,Yes,8,8
BITS7999,7,53,Yes,6,3
BITS8000,3,82,No,8,3
BITS8001,2,50,No,4,1
BITS8002,5,48,Yes,8,1
BITS8003,4,77,Yes,8,6
BITS8004,5,86,Yes,6,4
BITS8005,8,83,Yes,4,2
BITS8006,4,45,No,8,5
BITS8007,9,40,Yes,9,5
BITS8008,7,64,Yes,8,0
BITS8009,7,55,No,5,2
BITS8010,8,91,No,8,4
BITS8011,6,54,Yes,6,6
BITS8012,8,73,No,5,3
BITS8013,3,56,No,9,7
BITS8014,1,42,No,9,2
BITS8015,6,42,Yes,9,5
BITS8016,1,76,Yes,4,5
BITS8017,9,56,Yes,9,8
BITS8018,2,94,No,7,3
BITS8019,2,88,Yes,6,6
BITS8020,7,91,Yes,4,9
BITS8021,2,77,Yes,5,0
BITS8022,8,40,No,7,0
BITS8023,6,46,Yes,4,1
BITS8024,7,65,Yes,6,3
BITS8025,7,86,Yes,5,5
BITS8026,6,78,Yes,6,3
BITS8027,9,58,No,6,5
BITS8028,9,91,Yes,5,1
BITS8029,7,93,Yes,9,8
BITS8030,9,69,No,8,2
BITS8031,3,82,No,6,6
BITS8032,3,94,No,9,0
BITS8033,1,53,No,5,7
BITS8034,5,52,No,6,3
BITS8035,4,59,Yes,8,4
BITS8036,2,65,No,5,6
BITS8037,9,66,No,4,2
BITS8038,3,64,No,4,8
BITS8039,8,48,Yes,9,8
BITS8040,6,80,Yes,4,7
BITS8041,5,87,Yes,7,0
BITS8042,1,51,No,6,1
BITS8043,4,49,Yes,6,1
BITS8044,3,45,No,5,2
BITS8045,1,89,No,7,1
BITS8046,5,73,Yes,6,0
BITS8047,6,98,Yes,5,4
BITS8048,2,91,Yes,8,5
BITS8049,3,80,No,6,6
BITS8050,6,58,Yes,9,9
BITS8051,4,45,Yes,6,6
BITS8052,9,41,Yes,8,1
BITS8053,5,54,Yes,8,6
BITS8054,4,56,Yes,6,1
BITS8055,2,55,No,8,1
BITS8056,6,67,No,5,5
BITS8057,2,60,Yes,6,5
BITS8058,7,47,No,6,7
BITS8059,3,49,No,4,4
BITS8060,9,49,No,9,4
BITS8061,5,89,Yes,6,9
BITS8062,8,49,No,4,0
BITS8063,6,48,Yes,8,3
BITS8064,8,67,No,9,0
BITS8065,3,63,Yes,9,9
BITS8066,3,58,No,8,4
BITS8067,5,72,No,5,7
BITS8068,3,43,Yes,4,0
BITS8069,8,95,Yes,6,2
BITS8070,8,42,No,4,0
BITS8071,2,81,Yes,8,5
BITS8072,4,51,Yes,8,9
BITS8073,1,57,Yes,5,0
BITS8074,4,62,Yes,9,9
BITS8075,4,59,No,9,2
BITS8076,9,45,Yes,8,4
BITS8077,3,92,No,4,4
BITS8078,2,73,No,9,1
BITS8079,9,81,Yes,6,2
BITS8080,9,41,Yes,6,8
BITS8081,1,69,Yes,4,0
BITS8082,6,48,Yes,5,0
BITS8083,8,66,No,6,1
BITS8084,3,81,No,4,7
BITS8085,9,73,Yes,4,5
BITS8086,2,79,No,8,3
BITS8087,6,63,Yes,9,6
BITS8088,1,88,No,8,5
BITS8089,7,56,No,9,8
BITS8090,3,68,No,5,5
BITS8091,7,75,Yes,5,1
BITS8092,4,89,Yes,5,2
BITS8093,9,51,No,4,8
BITS8094,5,70,Yes,4,6
BITS8095,3,88,Yes,8,5
BITS8096,8,48,No,6,4
BITS8097,6,58,Yes,9,2
BITS8098,2,85,Yes,9,3
BITS8099,3,85,No,5,0
BITS8100,8,56,No,9,4
BITS8101,7,41,No,7,6
BITS8102,6,79,No,5,1
BITS8103,1,44,Yes,9,7
BITS8104,9,98,Yes,8,9
BITS8105,3,78,No,9,5
BITS8106,5,93,No,4,9
BITS8107,7,87,Yes,8,2
BITS8108,7,55,Yes,8,1
BITS8109,3,56,Yes,8,7
BITS8110,4,93,No,7,3
BITS8111,7,66,No,7,6
BITS8112,8,46,No,9,6
BITS8113,2,91,No,5,9
BITS8114,9,47,Yes,9,8
BITS8115,7,47,No,9,9
BITS8116,8,62,No,9,7
BITS8117,6,71,Yes,4,7
BITS8118,6,82,No,8,6
BITS8119,9,86,Yes,6,9
BITS8120,4,57,No,5,4
BITS8121,5,77,Yes,5,8
BITS8122,9,93,Yes,8,6
BITS8123,1,51,Yes,5,2
BITS8124,4,54,No,8,5
BITS8125,7,67,No,5,2
BITS8126,9,94,No,9,5
BITS8127,6,77,No,4,7
BITS8128,,89,No,5,8
BITS8129,9,95,No,5,1
BITS8130,4,70,Yes,6,5
BITS8131,1,91,No,4,2
BITS8132,8,48,No,9,6
BITS8133,2,47,Yes,4,3
BITS8134,1,85,Yes,4,4
BITS8135,7,58,No,5,9
BITS8136,9,90,Yes,7,5
BITS8137,9,47,No,5,7
BITS8138,3,73,Yes,8,1
BITS8139,6,96,No,6,3
BITS8140,7,43,Yes,4,3
BITS8141,9,70,Yes,8,5
BITS8142,2,77,No,9,3
BITS8143,8,42,No,8,4
BITS8144,7,74,Yes,7,4
BITS8145,4,58,Yes,4,7
BITS8146,2,82,Yes,5,3
BITS8147,8,68,Yes,4,5
BITS8148,5,49,No,6,6
BITS8149,6,51,Yes,4,7
BITS8150,7,85,Yes,8,8
BITS8151,1,69,No,8,9
BITS8152,8,69,No,5,7
BITS8153,4,99,No,5,3
BITS8154,9,57,No,5,3
BITS8155,1,63,No,9,9
BITS8156,2,71,No,6,4
BITS8157,6,48,Yes,9,2
BITS8158,1,86,Yes,9,1
BITS8159,4,63,Yes,9,
BITS8160,8,65,No,4,8
BITS8161,5,42,No,7,7
BITS8162,9,62,Yes,4,5
BITS8163,6,50,Yes,5,8
BITS8164,1,49,No,6,4
BITS8165,6,89,No,9,9
BITS8166,6,75,Yes,4,0
BITS8167,6,99,Yes,8,7
BITS8168,8,52,Yes,9,2
BITS8169,6,68,Yes,4,8
BITS8170,5,77,Yes,8,0
BITS8171,2,98,No,4,2
BITS8172,4,92,Yes,4,0
BITS8173,5,52,Yes,9,0
BITS8174,4,96,No,4,5
BITS8175,2,65,Yes,5,3
BITS8176,7,59,No,8,9
BITS8177,2,44,No,6,3
BITS8178,1,59,Yes,7,4
BITS8179,5,53,Yes,,2
BITS8180,1,84,No,8,1
BITS8181,1,53,No,5,9
BITS8182,1,47,No,8,7
BITS8183,6,87,Yes,6,6
BITS8184,9,52,Yes,9,9
BITS8185,1,63,Yes,8,3
BITS8186,5,54,Yes,5,1
BITS8187,9,90,Yes,9,8
BITS8188,9,40,,5,7
BITS8189,1,61,Yes,9,3
BITS8190,8,73,Yes,7,4
BITS8191,1,89,No,6,9
BITS8192,8,90,Yes,7,5
BITS8193,1,79,Yes,4,3
BITS8194,5,42,Yes,5,1
BITS8195,8,94,No,7,4
BITS8196,6,65,No,5,0
BITS8197,9,53,Yes,9,6
BITS8198,1,97,Yes,5,8
BITS8199,9,80,Yes,4,2
BITS8200,1,47,No,5,5
BITS8201,3,88,No,9,8
BITS8202,1,94,Yes,9,3
BITS8203,3,94,Yes,7,5
BITS8204,2,95,Yes,6,2
BITS8205,2,55,Yes,8,8
BITS8206,9,81,No,7,6
BITS8207,8,60,No,4,6
BITS8208,1,49,Yes,8,3
BITS8209,4,96,No,5,5
BITS8210,1,64,No,7,7
BITS8211,1,95,Yes,8,5
BITS8212,4,77,Yes,7,5
BITS8213,2,61,Yes,5,3
BITS8214,3,88,Yes,9,7
BITS8215,9,87,No,7,9
BITS8216,2,86,Yes,4,7
BITS8217,4,93,Yes,8,8
BITS8218,1,85,Yes,8,5
BITS8219,2,43,Yes,8,1
BITS8220,5,43,No,7,3
BITS8221,1,69,Yes,5,3
BITS8222,7,41,Yes,7,7
BITS8223,4,68,No,7,4
BITS8224,6,82,Yes,9,3
BITS8225,8,75,Yes,8,7
BITS8226,6,60,Yes,5,2
BITS8227,2,99,No,6,1
BITS8228,1,60,Yes,5,3
BITS8229,8,87,Yes,7,0
BITS8230,8,60,Yes,4,0
BITS8231,9,43,No,5,4
BITS8232,6,40,Yes,8,0
BITS8233,1,65,Yes,4,3
BITS8234,9,95,Yes,6,7
BITS8235,3,90,No,6,7
BITS8236,6,41,No,4,1
BITS8237,9,48,Yes,6,2
BITS8238,3,94,Yes,4,2
BITS8239,5,96,No,7,0
BITS8240,5,84,Yes,4,2
BITS8241,7,57,No,7,7
BITS8242,4,87,No,8,5
BITS8243,4,87,No,8,4
BITS8244,7,96,,6,9
BITS8245,9,81,No,9,8
BITS8246,4,80,No,9,6
BITS8247,4,50,Yes,4,5
BITS8248,6,64,Yes,7,4
BITS8249,6,65,Yes,8,4
BITS8250,7,97,No,8,9
BITS8251,1,75,No,8,8
BITS8252,3,81,Yes,6,9
BITS8253,9,74,No,8,5
BITS8254,6,77,Yes,9,3
BITS8255,6,42,Yes,5,3
BITS8256,5,98,Yes,6,3
BITS8257,3,80,Yes,4,5
BITS8258,5,74,Yes,5,0
BITS8259,1,89,No,6,8
BITS8260,3,79,No,6,1
BITS8261,4,61,Yes,7,1
BITS8262,5,47,No,5,4
BITS8263,9,54,No,5,3
BITS8264,4,84,Yes,9,2
BITS8265,3,46,No,5,4
BITS8266,1,58,No,8,6
BITS8267,6,79,Yes,9,9
BITS8268,7,81,No,8,1
BITS8269,8,56,No,9,5
BITS8270,1,40,No,4,3
BITS8271,4,84,No,9,1
BITS8272,5,68,No,4,0
BITS8273,2,97,Yes,9,7
BITS8274,1,52,Yes,4,4
BITS8275,8,95,Yes,8,9
BITS8276,6,87,Yes,9,1
BITS8277,5,68,Yes,7,7
BITS8278,9,80,No,9,2
BITS8279,2,81,No,4,6
BITS8280,8,45,Yes,6,1
BITS8281,9,44,Yes,8,6
BITS8282,1,73,Yes,7,3
BITS8283,7,50,No,6,9
BITS8284,8,48,No,6,0
BITS8285,3,77,No,8,
BITS8286,4,79,No,9,3
BITS8287,3,80,No,5,7
BITS8288,7,48,No,7,0
BITS8289,9,47,Yes,9,1
BITS8290,3,83,No,8,4
BITS8291,6,97,Yes,5,9
BITS8292,8,79,Yes,8,9
BITS8293,6,42,No,8,1
BITS8294,2,52,No,6,0
BITS8295,7,58,No,9,5
BITS8296,2,73,No,8,9
BITS8297,2,71,No,9,3
BITS8298,2,88,No,5,4
BITS8299,1,55,No,6,2
BITS8300,1,75,No,5,9
BITS8301,7,57,Yes,5,5
BITS8302,5,53,Yes,6,3
BITS8303,3,69,No,9,5
BITS8304,1,41,Yes,5,4
BITS8305,6,52,No,4,1
BITS8306,1,66,Yes,9,3
BITS8307,9,98,Yes,8,1
BITS8308,2,92,No,6,4
BITS8309,1,91,No,6,2
BITS8310,7,56,No,9,5
BITS8311,6,70,Yes,4,4
BITS8312,6,54,Yes,4,1
BITS8313,5,96,No,4,9
BITS8314,4,59,Yes,4,7
BITS8315,4,44,No,7,5
BITS8316,3,46,Yes,6,8
BITS8317,8,57,No,5,2
BITS8318,7,95,Yes,6,3
BITS8319,9,50,No,6,7
BITS8320,1,71,No,6,6
BITS8321,7,89,No,4,7
BITS8322,4,66,Yes,4,8
BITS8323,7,65,No,7,7
BITS8324,1,76,Yes,9,7
BITS8325,5,84,No,6,5
BITS8326,3,67,No,8,1
BITS8327,5,89,No,9,6
BITS8328,4,41,Yes,7,3
BITS8329,2,,Yes,4,2
BITS8330,4,43,Yes,6,3
BITS8331,3,52,No,4,3
BITS8332,1,63,Yes,9,2
BITS8333,8,87,No,5,8
BITS8334,5,77,No,4,2
BITS8335,4,97,No,4,1
BITS8336,5,79,No,7,0
BITS8337,4,87,No,5,0
BITS8338,3,84,Yes,9,4
BITS8339,5,94,Yes,8,4
BITS8340,4,68,No,8,8
BITS8341,1,97,No,8,3
BITS8342,3,75,Yes,6,4
BITS8343,8,41,No,8,5
BITS8344,7,80,No,6,9
BITS8345,2,57,No,9,6
BITS8346,1,88,No,9,8
BITS8347,3,47,Yes,4,5
BITS8348,5,97,No,8,0
BITS8349,1,54,Yes,7,7
BITS8350,3,80,Yes,9,1
BITS8351,3,56,Yes,5,8
BITS8352,5,62,Yes,5,6
BITS8353,3,41,No,9,6
BITS8354,9,45,No,4,9
BITS8355,1,68,No,5,9
BITS8356,4,66,Yes,5,4
BITS8357,4,76,Yes,4,7
BITS8358,1,88,Yes,4,9
BITS8359,2,73,No,4,0
BITS8360,1,57,No,7,2
BITS8361,6,81,No,4,8
BITS8362,3,49,Yes,4,0
BITS8363,,77,Yes,4,7
BITS8364,5,98,No,9,5
BITS8365,9,83,Yes,8,9
BITS8366,7,56,Yes,9,4
BITS8367,4,98,No,8,5
BITS8368,5,52,Yes,7,4
BITS8369,5,91,Yes,7,8
BITS8370,5,99,No,5,1
BITS8371,9,87,Yes,9,9
BITS8372,3,81,Yes,8,5
BITS8373,6,66,Yes,7,3
BITS8374,8,92,Yes,7,2
BITS8375,9,41,No,9,4
BITS8376,7,73,No,5,1
BITS8377,3,70,Yes,4,2
BITS8378,1,62,No,6,6
BITS8379,4,46,No,5,0
BITS8380,6,77,No,6,1
BITS8381,3,72,Yes,5,2
BITS8382,1,51,Yes,5,9
BITS8383,6,84,No,4,6
BITS8384,1,51,No,7,3
BITS8385,9,58,No,8,7
BITS8386,1,48,No,5,7
BITS8387,6,49,Yes,4,0
BITS8388,1,56,No,6,4
BITS8389,7,89,Yes,9,0
BITS8390,3,79,Yes,9,6
BITS8391,6,78,Yes,7,3
BITS8392,7,80,Yes,9,7
BITS8393,1,49,Yes,5,7
BITS8394,1,51,Yes,6,8
BITS8395,5,54,Yes,5,5
BITS8396,6,70,No,9,6
BITS8397,9,54,Yes,8,6
BITS8398,1,67,No,9,4
BITS8399,4,43,No,8,6
BITS8400,8,75,No,9,8
BITS8401,9,94,No,7,3
BITS8402,3,40,No,6,1
BITS8403,2,97,Yes,8,7
BITS8404,4,83,Yes,4,6
BITS8405,2,96,No,7,5
BITS8406,1,73,No,5,6
BITS8407,3,86,No,9,2
BITS8408,7,56,Yes,6,5
BITS8409,1,78,No,6,9
BITS8410,2,77,Yes,9,6
BITS8411,1,83,Yes,4,6
BITS8412,8,90,No,8,4
BITS8413,5,72,Yes,9,2
BITS8414,8,99,Yes,6,1
BITS8415,3,60,Yes,4,6
BITS8416,7,65,No,4,3
BITS8417,8,85,No,5,1
BITS8418,6,75,No,4,7
BITS8419,7,44,No,7,1
BITS8420,2,72,No,6,5
BITS8421,8,40,No,7,3
BITS8422,5,92,No,4,8
BITS8423,7,45,No,4,4
BITS8424,1,76,Yes,7,3
BITS8425,5,41,No,5,7
BITS8426,1,96,Yes,4,2
BITS8427,8,92,Yes,7,8
BITS8428,4,98,No,7,7
BITS8429,4,98,Yes,6,7
BITS8430,2,44,Yes,5,9
BITS8431,5,65,No,8,4
BITS8432,1,80,Yes,7,0
BITS8433,9,90,No,6,9
BITS8434,5,92,Yes,8,8
BITS8435,6,86,Yes,6,1
BITS8436,2,52,No,6,0
BITS8437,1,51,Yes,9,5
BITS8438,4,44,Yes,5,0
BITS8439,7,41,No,4,9
BITS8440,6,98,No,5,9
BITS8441,1,43,Yes,8,9
BITS8442,1,98,Yes,9,6
BITS8443,8,66,No,5,6
BITS8444,4,89,Yes,4,0
BITS8445,5,92,No,5,9
BITS8446,7,49,No,5,4
BITS8447,8,52,No,5,2
BITS8448,7,83,Yes,7,1
BITS8449,2,41,Yes,7,4
BITS8450,4,65,Yes,5,4
BITS8451,1,54,No,4,1
BITS8452,9,85,Yes,4,5
BITS8453,3,96,No,4,6
BITS8454,3,49,Yes,4,0
BITS8455,9,61,No,9,2
BITS8456,3,79,No,9,3
BITS8457,8,64,Yes,6,1
BITS8458,2,54,No,5,9
BITS8459,3,52,Yes,5,4
BITS8460,2,47,Yes,6,3
BITS8461,1,60,Yes,4,1
BITS8462,2,60,Yes,8,0
BITS8463,8,61,Yes,8,7
BITS8464,9,85,No,6,1
BITS8465,2,72,Yes,8,3
BITS8466,7,84,No,7,9
BITS8467,5,66,Yes,5,4
BITS8468,3,79,No,8,1
BITS8469,9,89,No,9,9
BITS8470,6,61,Yes,9,8
BITS8471,1,69,No,7,1
BITS8472,5,48,Yes,5,5
BITS8473,7,84,Yes,7,6
BITS8474,4,74,Yes,5,5
BITS8475,8,57,No,5,3
BITS8476,5,81,No,8,0
BITS8477,9,44,No,9,1
BITS8478,9,66,No,6,9
BITS8479,9,96,Yes,8,9
BITS8480,1,45,Yes,4,5
BITS8481,2,71,No,7,7
BITS8482,3,47,No,4,2
BITS8483,4,95,Yes,5,6
BITS8484,9,78,No,8,8
BITS8485,6,60,Yes,4,3
BITS8486,1,57,No,4,6
BITS8487,9,53,No,9,6
BITS8488,6,54,No,4,9
BITS8489,4,81,Yes,9,8
BITS8490,4,65,Yes,9,2
BITS8491,3,92,No,5,0
BITS8492,7,83,No,9,7
BITS8493,3,71,No,5,3
BITS8494,2,78,No,9,1
BITS8495,8,67,No,9,4
BITS8496,4,99,No,5,3
BITS8497,8,78,No,4,0
BITS8498,1,82,No,7,6
BITS8499,5,71,Yes,8,3
BITS8500,9,52,Yes,8,7
BITS8501,1,54,Yes,5,8
BITS8502,4,57,Yes,4,7
BITS8503,6,78,No,7,0
BITS8504,8,45,Yes,6,7
BITS8505,3,94,Yes,5,4
BITS8506,5,50,No,6,0
BITS8507,7,71,Yes,8,8
BITS8508,1,79,Yes,8,8
BITS8509,7,59,Yes,7,6
BITS8510,8,72,Yes,7,6
BITS8511,8,79,Yes,6,0
BITS8512,9,47,No,8,8
BITS8513,6,90,No,7,0
BITS8514,6,74,No,7,6
BITS8515,2,44,Yes,8,8
BITS8516,3,74,Yes,8,8
BITS8517,4,86,Yes,4,4
BITS8518,4,53,No,9,5
BITS8519,8,60,Yes,7,1
BITS8520,1,86,Yes,6,1
BITS8521,4,63,Yes,5,9
BITS8522,4,56,Yes,5,8
BITS8523,1,57,No,8,0
BITS8524,3,73,No,9,9
BITS8525,5,51,Yes,6,4
BITS8526,6,55,No,4,6
BITS8527,9,43,No,7,9
BITS8528,9,64,No,4,5
BITS8529,9,73,Yes,6,5
BITS8530,1,67,No,4,5
BITS8531,9,85,No,8,7
BITS8532,8,50,Yes,5,6
BITS8533,2,52,No,8,4
BITS8534,1,70,No,7,9
BITS8535,1,99,No,8,1
BITS8536,6,64,Yes,6,9
BITS8537,9,78,Yes,6,5
BITS8538,7,49,No,7,9
BITS8539,5,63,Yes,7,4
BITS8540,2,40,Yes,5,3
BITS8541,1,92,Yes,4,9
BITS8542,2,64,No,5,4
BITS8543,1,67,No,8,8
BITS8544,3,75,Yes,4,1
BITS8545,6,57,No,7,5
BITS8546,8,45,Yes,6,8
BITS8547,3,41,Yes,8,9
BITS8548,9,42,No,5,4
BITS8549,5,85,Yes,9,5
BITS8550,7,47,Yes,9,9
BITS8551,8,70,Yes,7,3
BITS8552,3,87,Yes,4,4
BITS8553,2,58,No,9,7
BITS8554,2,89,Yes,4,0
BITS8555,5,45,No,6,0
BITS8556,1,53,Yes,7,9
BITS8557,2,42,No,7,3
BITS8558,9,87,Yes,8,9
BITS8559,7,40,Yes,8,2
BITS8560,6,83,No,4,4
BITS8561,9,69,No,9,9
BITS8562,7,85,Yes,9,7
BITS8563,5,58,Yes,5,0
BITS8564,9,93,Yes,4,4
BITS8565,6,58,Yes,9,4
BITS8566,6,48,Yes,8,1
BITS8567,4,46,No,8,4
BITS8568,1,85,No,8,7
BITS8569,5,76,Yes,4,9
BITS8570,9,89,No,7,6
BITS8571,8,80,No,5,1
BITS8572,8,92,Yes,5,5
BITS8573,5,46,No,8,9
BITS8574,9,48,Yes,6,0
BITS8575,3,43,No,4,9
BITS8576,,64,No,9,9
BITS8577,1,88,No,9,2
BITS8578,9,51,No,7,5
BITS8579,6,45,No,8,8
BITS8580,2,57,Yes,6,0
BITS8581,8,79,No,8,5
BITS8582,9,60,Yes,6,1
BITS8583,9,54,No,5,8
BITS8584,2,42,No,6,1
BITS8585,2,41,No,5,2
BITS8586,7,95,Yes,5,1
BITS8587,4,94,No,4,3
BITS8588,1,80,No,6,3
BITS8589,8,79,Yes,7,9
BITS8590,2,98,Yes,7,0
BITS8591,3,43,Yes,6,7
BITS8592,5,71,No,4,4
BITS8593,3,41,No,7,7
BITS8594,7,85,No,8,5
BITS8595,7,68,No,7,1
BITS8596,2,41,Yes,4,6
BITS8597,7,73,Yes,5,9
BITS8598,6,66,No,5,8
BITS8599,9,99,Yes,5,6
BITS8600,9,93,Yes,4,4
BITS8601,2,78,Yes,5,3
BITS8602,7,83,No,5,7
BITS8603,5,77,Yes,4,5
BITS8604,6,57,No,8,4
BITS8605,1,75,No,7,6
BITS8606,7,58,No,4,2
BITS8607,6,66,Yes,4,8
BITS8608,4,84,Yes,6,3
BITS8609,1,59,Yes,5,3
BITS8610,9,60,Yes,9,7
BITS8611,4,62,No,8,5
BITS8612,2,69,No,9,0
BITS8613,8,64,No,6,1
BITS8614,2,70,Yes,8,8
BITS8615,5,66,Yes,5,5
BITS8616,6,73,Yes,9,6
BITS8617,8,47,No,5,8
BITS8618,1,58,No,5,2
BITS8619,1,80,Yes,7,4
BITS8620,4,65,No,8,4
BITS8621,5,67,No,8,9
BITS8622,9,43,Yes,6,6
BITS8623,7,70,Yes,4,1
BITS8624,7,55,No,5,3
BITS8625,8,90,Yes,5,3
BITS8626,5,49,No,9,7
BITS8627,5,77,Yes,6,9
BITS8628,1,87,No,8,2
BITS8629,9,49,Yes,7,1
BITS8630,6,84,Yes,8,8
BITS8631,9,48,Yes,7,3
BITS8632,3,78,No,7,8
BITS8633,5,75,No,8,5
BITS8634,2,90,Yes,9,0
BITS8635,5,97,No,5,2
BITS8636,8,75,No,7,6
BITS8637,2,58,Yes,9,8
BITS8638,8,99,Yes,6,7
BITS8639,4,58,Yes,6,4
BITS8640,1,51,No,7,7
BITS8641,5,52,Yes,5,1
BITS8642,1,64,No,7,2
BITS8643,7,75,No,6,7
BITS8644,8,64,No,6,8
BITS8645,3,67,Yes,8,9
BITS8646,3,81,Yes,5,7
BITS8647,7,92,No,8,3
BITS8648,4,78,No,9,5
BITS8649,3,69,Yes,9,4
BITS8650,8,44,Yes,9,3
BITS8651,3,56,Yes,4,8
BITS8652,7,57,Yes,9,9
BITS8653,2,82,Yes,7,2
BITS8654,1,86,Yes,8,0
BITS8655,6,60,Yes,9,6
BITS8656,8,61,Yes,5,9
BITS8657,1,78,Yes,9,7
BITS8658,9,89,No,7,2
BITS8659,3,97,Yes,7,2
BITS8660,3,96,Yes,7,5
BITS8661,4,45,No,7,1
BITS8662,1,89,Yes,7,5
BITS8663,9,55,Yes,5,4
BITS8664,3,41,No,4,6
BITS8665,4,90,Yes,6,8
BITS8666,1,40,No,4,8
BITS8667,4,96,No,6,0
BITS8668,1,69,Yes,8,6
BITS8669,5,97,No,7,2
BITS8670,5,82,No,8,3
BITS8671,7,91,No,8,1
BITS8672,8,76,No,6,0
BITS8673,4,87,Yes,5,9
BITS8674,7,62,No,7,2
BITS8675,4,40,No,9,9
BITS8676,3,58,Yes,8,8
BITS8677,6,85,No,4,0
BITS8678,4,42,Yes,7,2
BITS8679,3,41,No,5,4
BITS8680,9,95,Yes,7,2
BITS8681,5,76,No,9,3
BITS8682,7,56,Yes,9,3
BITS8683,6,67,No,8,0
BITS8684,5,57,Yes,4,5
BITS8685,7,72,Yes,8,6
BITS8686,6,54,Yes,5,6
BITS8687,2,61,Yes,6,5
BITS8688,3,80,Yes,9,6
BITS8689,2,66,No,4,2
BITS8690,3,94,No,9,4
BITS8691,1,76,Yes,5,6
BITS8692,8,71,Yes,5,9
BITS8693,6,99,No,9,4
BITS8694,2,84,No,8,9
BITS8695,8,58,Yes,9,1
BITS8696,6,67,No,8,5
BITS8697,7,67,Yes,9,6
BITS8698,1,95,Yes,8,1
BITS8699,7,49,Yes,6,9
BITS8700,3,59,No,7,7
BITS8701,8,64,Yes,7,4
BITS8702,6,60,No,8,7
BITS8703,4,53,No,8,2
BITS8704,8,61,No,6,1
BITS8705,9,92,No,7,6
BITS8706,2,65,Yes,6,4
BITS8707,6,83,Yes,5,4
BITS8708,5,50,No,9,7
BITS8709,5,94,Yes,7,8
BITS8710,3,46,No,8,7
BITS8711,8,56,Yes,4,9
BITS8712,8,57,Yes,5,1
BITS8713,5,46,Yes,9,9
BITS8714,8,95,Yes,4,6
BITS8715,8,59,Yes,6,4
BITS8716,3,77,Yes,9,6
BITS8717,2,50,No,6,2
BITS8718,9,83,Yes,6,3
BITS8719,2,97,Yes,8,6
BITS8720,9,55,Yes,6,1
BITS8721,4,90,No,4,1
BITS8722,2,94,Yes,5,0
BITS8723,1,66,Yes,8,0
BITS8724,4,90,Yes,5,0
BITS8725,9,50,No,6,5
BITS8726,9,55,Yes,7,4
BITS8727,4,62,No,9,9
BITS8728,9,99,No,8,7
BITS8729,6,98,Yes,6,4
BITS8730,1,51,Yes,8,0
BITS8731,6,98,No,7,7
BITS8732,9,79,No,4,5
BITS8733,2,42,Yes,4,7
BITS8734,6,41,Yes,9,1
BITS8735,2,99,No,4,9
BITS8736,4,77,No,7,7
BITS8737,8,87,No,5,5
BITS8738,7,91,No,7,0
BITS8739,9,63,Yes,7,0
BITS8740,7,68,No,6,9
BITS8741,1,86,Yes,4,4
BITS8742,2,85,No,8,6
BITS8743,6,73,No,9,3
BITS8744,7,59,Yes,5,9
BITS8745,3,57,Yes,8,4
BITS8746,9,53,Yes,6,9
BITS8747,7,57,Yes,6,2
BITS8748,6,41,No,5,1
BITS8749,6,40,Yes,8,1
BITS8750,1,59,Yes,5,4
BITS8751,5,73,Yes,5,3
BITS8752,3,80,No,4,1
BITS8753,7,80,No,8,4
BITS8754,3,87,Yes,4,9
BITS8755,5,50,No,4,8
BITS8756,7,66,No,9,7
BITS8757,3,62,Yes,4,8
BITS8758,2,77,No,7,8
BITS8759,6,83,Yes,6,7
BITS8760,8,42,Yes,6,8
BITS8761,4,51,Yes,7,3
BITS8762,9,69,No,5,7
BITS8763,8,70,Yes,8,1
BITS8764,7,62,No,8,8
BITS8765,7,40,No,8,8
BITS8766,3,80,No,4,2
BITS8767,6,59,No,8,5
BITS8768,5,93,Yes,8,6
BITS8769,1,45,Yes,8,2
BITS8770,3,50,No,6,4
BITS8771,1,74,Yes,7,0
BITS8772,4,43,No,9,2
BITS8773,3,68,No,5,7
BITS8774,4,98,Yes,7,2
BITS8775,9,49,No,8,7
BITS8776,3,90,Yes,5,8
BITS8777,6,68,No,5,5
BITS8778,6,77,No,7,6
BITS8779,7,40,No,7,5
BITS8780,9,79,No,7,7
BITS8781,7,47,Yes,9,6
BITS8782,1,96,No,7,9
BITS8783,8,77,No,9,0
BITS8784,5,56,Yes,4,2
BITS8785,9,58,No,6,2
BITS8786,5,72,No,9,2
BITS8787,5,54,No,6,3
BITS8788,2,84,No,8,0
BITS8789,3,70,No,4,1
BITS8790,9,60,No,5,4
BITS8791,7,42,Yes,7,5
BITS8792,1,41,No,8,8
BITS8793,3,74,Yes,5,1
BITS8794,2,80,No,6,8
BITS8795,1,98,Yes,5,6
BITS8796,9,55,Yes,7,8
BITS8797,8,95,Yes,7,3
BITS8798,5,84,Yes,9,6
BITS8799,2,90,No,9,0
BITS8800,1,98,No,6,7
BITS8801,7,89,No,7,6
BITS8802,2,60,Yes,4,6
BITS8803,1,51,Yes,8,1
BITS8804,2,67,Yes,6,9
BITS8805,7,51,Yes,6,8
BITS8806,7,72,Yes,5,7
BITS8807,6,59,Yes,6,0
BITS8808,5,79,Yes,8,0
BITS8809,3,88,No,4,4
BITS8810,3,60,Yes,5,1
BITS8811,9,99,No,8,0
BITS8812,4,91,No,9,9
BITS8813,9,93,Yes,6,7
BITS8814,4,78,Yes,7,3
BITS8815,2,80,Yes,9,1
BITS8816,4,88,Yes,7,4
BITS8817,6,98,No,8,5
BITS8818,6,81,Yes,4,7
BITS8819,5,75,No,7,6
BITS8820,1,61,Yes,8,6
BITS8821,3,65,No,5,0
BITS8822,5,46,No,6,2
BITS8823,6,46,No,4,2
BITS8824,1,47,No,4,6
BITS8825,9,65,No,5,1
BITS8826,3,63,Yes,4,9
BITS8827,3,63,Yes,8,6
BITS8828,2,79,Yes,4,8
BITS8829,8,87,No,4,0
BITS8830,3,51,Yes,4,1
BITS8831,6,86,No,8,5
BITS8832,2,47,No,9,1
BITS8833,7,93,Yes,6,1
BITS8834,4,48,No,7,4
BITS8835,9,42,Yes,9,6
BITS8836,9,93,No,4,3
BITS8837,7,60,Yes,5,5
BITS8838,8,70,No,5,2
BITS8839,3,87,Yes,8,3
BITS8840,5,86,Yes,6,3
BITS8841,2,63,No,4,3
BITS8842,7,43,No,8,0
BITS8843,8,59,No,7,3
BITS8844,9,55,Yes,6,3
BITS8845,7,49,Yes,6,5
BITS8846,8,82,No,8,8
BITS8847,9,65,Yes,9,9
BITS8848,6,68,Yes,,5
BITS8849,2,44,No,9,5
BITS8850,2,50,Yes,6,6
BITS8851,4,68,Yes,5,6
BITS8852,9,84,Yes,6,0
BITS8853,7,54,No,6,7
BITS8854,2,45,Yes,6,0
BITS8855,8,87,No,7,8
BITS8856,7,54,Yes,5,3
BITS8857,9,82,Yes,7,8
BITS8858,8,59,Yes,5,7
BITS8859,3,73,Yes,7,8
BITS8860,1,99,Yes,7,5
BITS8861,2,99,No,7,8
BITS8862,2,41,Yes,8,3
BITS8863,4,83,Yes,7,2
BITS8864,6,55,Yes,9,2
BITS8865,4,58,Yes,9,7
BITS8866,9,73,No,6,1
BITS8867,4,88,Yes,4,5
BITS8868,6,53,Yes,7,8
BITS8869,6,63,Yes,4,8
BITS8870,1,67,Yes,4,7
BITS8871,8,87,No,6,7
BITS8872,3,71,No,4,0
BITS8873,6,76,Yes,4,6
BITS8874,3,49,Yes,9,0
BITS8875,2,88,Yes,4,8
BITS8876,5,84,Yes,5,2
BITS8877,1,87,Yes,7,0
BITS8878,9,48,No,7,7
BITS8879,7,63,No,4,6
BITS8880,3,75,Yes,6,1
BITS8881,4,95,Yes,5,6
BITS8882,6,68,Yes,6,4
BITS8883,3,99,No,6,6
BITS8884,7,68,Yes,4,9
BITS8885,6,97,Yes,8,6
BITS8886,9,87,No,4,1
BITS8887,5,62,No,9,1
BITS8888,4,66,Yes,8,6
BITS8889,3,70,Yes,5,2
BITS8890,1,82,Yes,8,3
BITS8891,3,46,Yes,4,6
BITS8892,3,88,No,4,1
BITS8893,7,93,No,6,1
BITS8894,7,84,Yes,4,8
BITS8895,1,43,No,9,0
BITS8896,3,53,Yes,4,2
BITS8897,8,81,No,7,9
BITS8898,9,81,Yes,7,3
BITS8899,7,49,Yes,6,4
BITS8900,7,98,No,8,2
BITS8901,8,83,No,8,8
BITS8902,6,73,No,7,4
BITS8903,3,65,No,9,6
BITS8904,1,62,No,5,6
BITS8905,7,48,Yes,9,8
BITS8906,1,76,Yes,7,1
BITS8907,1,47,No,9,2
BITS8908,9,92,Yes,5,3
BITS8909,7,53,Yes,8,7
BITS8910,4,46,Yes,7,0
BITS8911,6,46,Yes,4,8
BITS8912,1,48,No,5,4
BITS8913,7,42,Yes,5,3
BITS8914,6,53,Yes,5,7
BITS8915,4,56,Yes,8,8
BITS8916,7,89,Yes,9,2
BITS8917,3,83,No,6,3
BITS8918,1,61,Yes,4,0
BITS8919,4,85,Yes,7,2
BITS8920,3,65,Yes,9,9
BITS8921,1,97,No,5,4
BITS8922,2,67,No,8,7
BITS8923,5,84,Yes,5,0
BITS8924,8,53,Yes,9,0
BITS8925,1,48,No,7,2
BITS8926,4,90,Yes,4,8
BITS8927,4,65,No,5,8
BITS8928,5,41,Yes,8,0
BITS8929,7,50,Yes,8,3
BITS8930,8,56,No,6,7
BITS8931,6,73,Yes,8,1
BITS8932,1,58,Yes,6,3
BITS8933,7,78,Yes,4,6
BITS8934,3,57,No,7,6
BITS8935,6,52,No,6,4
BITS8936,8,44,Yes,5,6
BITS8937,7,89,Yes,9,5
BITS8938,6,62,Yes,5,1
BITS8939,9,97,Yes,7,8
BITS8940,9,95,No,8,4
BITS8941,1,63,No,9,1
BITS8942,1,68,No,5,5
BITS8943,1,87,Yes,9,9
BITS8944,8,86,Yes,6,4
BITS8945,7,47,No,7,1
BITS8946,3,65,Yes,5,9
BITS8947,2,54,Yes,8,9
BITS8948,4,96,No,9,6
BITS8949,3,40,Yes,8,9
BITS8950,7,67,No,9,1
BITS8951,8,88,Yes,5,6
BITS8952,6,86,Yes,7,5
BITS8953,3,85,Yes,4,3
BITS8954,6,53,Yes,5,3
BITS8955,2,81,Yes,8,5
BITS8956,7,73,No,4,8
BITS8957,7,98,No,7,9
BITS8958,4,70,Yes,8,5
BITS8959,8,45,Yes,7,5
BITS8960,4,88,No,9,0
BITS8961,7,44,No,5,4
BITS8962,4,70,Yes,7,0
BITS8963,5,76,No,8,8
BITS8964,7,54,No,5,9
BITS8965,3,54,No,8,3
BITS8966,5,91,Yes,8,1
BITS8967,3,82,No,4,8
BITS8968,5,44,No,6,5
BITS8969,3,67,No,7,9
BITS8970,7,72,No,7,2
BITS8971,1,50,Yes,4,1
BITS8972,9,82,No,9,5
BITS8973,9,45,No,7,9
BITS8974,5,62,No,4,5
BITS8975,9,79,Yes,7,8
BITS8976,6,41,Yes,7,4
BITS8977,5,54,Yes,8,8
BITS8978,3,62,No,4,4
BITS8979,8,61,No,9,1
BITS8980,4,48,No,7,0
BITS8981,3,86,Yes,9,8
BITS8982,6,79,No,6,9
BITS8983,8,69,No,4,6
BITS8984,9,55,Yes,4,2
BITS8985,6,98,No,4,5
BITS8986,5,85,No,8,9
BITS8987,2,86,Yes,4,3
BITS8988,2,91,Yes,8,8
BITS8989,9,69,Yes,6,1
BITS8990,2,84,Yes,5,3
BITS8991,2,48,Yes,8,0
BITS8992,3,40,No,7,6
BITS8993,3,98,Yes,4,3
BITS8994,4,77,No,5,4
BITS8995,7,47,No,8,0
BITS8996,9,98,Yes,9,1
BITS8997,2,98,Yes,9,3
BITS8998,4,91,No,7,1
BITS8999,9,57,No,5,0
BITS9000,2,66,No,6,9
BITS9001,1,57,Yes,8,0
BITS9002,8,71,No,,5
BITS9003,9,97,Yes,9,1
BITS9004,7,88,No,8,2
BITS9005,8,71,No,9,4
BITS9006,4,92,No,6,2
BITS9007,4,87,Yes,9,5
BITS9008,2,84,Yes,8,6
BITS9009,8,93,No,4,9
BITS9010,2,75,No,9,5
BITS9011,9,75,No,8,1
BITS9012,4,60,Yes,4,8
BITS9013,1,85,Yes,9,1
BITS9014,4,71,Yes,9,5
BITS9015,3,70,Yes,8,8
BITS9016,6,76,Yes,7,8
BITS9017,7,55,No,7,1
BITS9018,8,85,No,5,8
BITS9019,2,85,No,7,7
BITS9020,6,53,Yes,6,6
BITS9021,6,96,No,5,7
BITS9022,5,63,Yes,7,9
BITS9023,7,64,Yes,4,7
BITS9024,3,85,No,8,0
BITS9025,4,90,No,7,8
BITS9026,9,74,Yes,4,5
BITS9027,4,56,Yes,5,0
BITS9028,3,85,No,8,0
BITS9029,2,81,Yes,7,6
BITS9030,5,84,Yes,5,9
BITS9031,4,93,Yes,7,1
BITS9032,8,43,No,5,5
BITS9033,7,50,Yes,7,4
BITS9034,6,86,Yes,4,4
BITS9035,2,54,Yes,6,9
BITS9036,3,69,Yes,4,5
BITS9037,9,63,Yes,8,7
BITS9038,9,41,Yes,7,4
BITS9039,5,82,Yes,6,7
BITS9040,3,73,No,6,4
BITS9041,2,62,No,8,9
BITS9042,8,70,No,8,5
BITS9043,6,76,Yes,6,7
BITS9044,7,52,No,8,1
BITS9045,1,72,No,8,6
BITS9046,1,46,Yes,7,2
BITS9047,2,71,No,4,8
BITS9048,3,46,Yes,9,9
BITS9049,1,81,Yes,5,6
BITS9050,5,77,Yes,6,2
BITS9051,3,91,No,5,7
BITS9052,1,83,Yes,6,9
BITS9053,8,52,No,6,1
BITS9054,6,63,Yes,4,9
BITS9055,9,67,Yes,,7
BITS9056,3,71,No,6,6
BITS9057,9,82,Yes,4,4
BITS9058,9,57,No,8,3
BITS9059,1,73,Yes,9,9
BITS9060,3,87,Yes,5,9
BITS9061,6,73,Yes,6,0
BITS9062,8,90,Yes,4,3
BITS9063,4,77,Yes,6,5
BITS9064,5,40,Yes,4,5
BITS9065,9,82,Yes,5,1
BITS9066,6,89,Yes,7,8
BITS9067,7,81,No,8,0
BITS9068,7,70,No,7,3
BITS9069,4,89,No,4,3
BITS9070,4,99,Yes,6,1
BITS9071,4,40,No,8,7
BITS9072,5,90,No,5,1
BITS9073,5,55,Yes,9,1
BITS9074,8,97,No,8,1
BITS9075,9,78,Yes,6,0
BITS9076,2,54,No,7,4
BITS9077,7,72,No,4,3
BITS9078,1,62,No,7,1
BITS9079,1,92,No,8,0
BITS9080,4,80,No,9,0
BITS9081,7,73,Yes,6,1
BITS9082,2,56,No,4,0
BITS9083,2,64,Yes,6,8
BITS9084,1,95,No,6,1
BITS9085,2,81,Yes,9,2
BITS9086,7,45,No,8,8
BITS9087,9,70,No,7,4
BITS9088,6,44,No,6,7
BITS9089,2,79,No,6,6
BITS9090,9,79,No,6,5
BITS9091,7,69,Yes,4,1
BITS9092,1,44,No,6,3
BITS9093,9,51,No,6,8
BITS9094,2,46,Yes,8,6
BITS9095,4,84,No,6,2
BITS9096,9,52,No,9,5
BITS9097,4,88,No,9,7
BITS9098,3,43,No,6,7
BITS9099,1,89,No,9,7
BITS9100,7,81,Yes,8,7
BITS9101,6,42,No,4,9
BITS9102,4,51,Yes,9,5
BITS9103,6,40,No,9,9
BITS9104,6,66,No,7,2
BITS9105,4,82,Yes,8,8
BITS9106,6,89,No,9,2
BITS9107,8,52,No,4,3
BITS9108,3,56,Yes,7,9
BITS9109,4,47,No,6,0
BITS9110,1,71,No,8,1
BITS9111,4,59,Yes,9,5
BITS9112,9,90,Yes,6,0
BITS9113,8,56,No,8,8
BITS9114,4,73,No,7,7
BITS9115,7,74,No,9,1
BITS9116,3,74,Yes,4,1
BITS9117,9,77,Yes,8,7
BITS9118,4,81,No,4,7
BITS9119,2,63,No,6,0
BITS9120,5,93,No,6,4
BITS9121,2,57,Yes,7,1
BITS9122,6,89,Yes,7,0
BITS9123,1,85,Yes,5,2
BITS9124,6,87,No,5,2
BITS9125,4,78,No,7,9
BITS9126,3,72,No,9,8
BITS9127,2,88,Yes,6,9
BITS9128,7,62,No,4,0
BITS9129,9,64,Yes,7,1
BITS9130,3,76,No,9,8
BITS9131,6,66,Yes,4,4
BITS9132,9,40,No,5,8
BITS9133,2,60,No,4,5
BITS9134,7,98,Yes,7,9
BITS9135,5,88,No,6,9
BITS9136,5,49,Yes,7,2
BITS9137,7,70,No,8,7
BITS9138,9,83,No,9,8
BITS9139,4,64,No,9,1
BITS9140,9,59,Yes,9,8
BITS9141,9,96,No,8,3
BITS9142,4,41,Yes,8,7
BITS9143,3,94,No,6,4
BITS9144,2,87,No,9,5
BITS9145,9,54,Yes,7,3
BITS9146,2,67,No,8,4
BITS9147,6,52,No,7,0
BITS9148,5,89,Yes,5,2
BITS9149,5,99,Yes,9,3
BITS9150,4,91,No,8,0
BITS9151,6,93,Yes,8,2
BITS9152,5,53,Yes,6,3
BITS9153,4,89,No,7,8
BITS9154,9,41,Yes,6,2
BITS9155,6,73,Yes,6,2
BITS9156,3,74,No,7,3
BITS9157,6,76,Yes,5,8
BITS9158,1,64,Yes,7,8
BITS9159,5,87,No,5,0
BITS9160,6,93,No,6,7
BITS9161,8,54,Yes,5,9
BITS9162,9,51,No,9,0
BITS9163,3,48,Yes,5,1
BITS9164,2,97,Yes,5,9
BITS9165,4,70,Yes,8,4
BITS9166,8,53,Yes,8,5
BITS9167,8,68,No,6,1
BITS9168,3,92,No,7,9
BITS9169,4,87,Yes,5,4
BITS9170,3,82,No,9,2
BITS9171,2,77,Yes,8,6
BITS9172,4,81,Yes,7,0
BITS9173,6,99,No,9,4
BITS9174,5,47,No,5,2
BITS9175,3,87,Yes,7,1
BITS9176,2,42,No,9,2
BITS9177,9,41,Yes,4,9
BITS9178,1,55,No,9,3
BITS9179,9,58,No,9,1
BITS9180,1,69,Yes,5,1
BITS9181,7,80,No,7,2
BITS9182,6,55,No,5,1
BITS9183,7,70,Yes,5,5
BITS9184,3,93,Yes,4,1
BITS9185,3,97,Yes,9,0
BITS9186,1,67,Yes,7,7
BITS9187,4,43,Yes,6,9
BITS9188,2,49,Yes,8,3
BITS9189,8,90,No,5,1
BITS9190,3,84,Yes,5,
BITS9191,7,57,Yes,5,1
BITS9192,7,86,Yes,5,4
BITS9193,9,71,No,8,6
BITS9194,6,69,Yes,6,5
BITS9195,1,75,Yes,4,1
BITS9196,8,48,No,6,3
BITS9197,1,75,No,8,7
BITS9198,3,68,Yes,7,6
BITS9199,5,55,No,4,6
BITS9200,8,67,No,4,3
BITS9201,9,60,Yes,7,0
BITS9202,7,86,Yes,9,6
BITS9203,9,95,Yes,5,5
BITS9204,3,41,No,8,7
BITS9205,5,99,Yes,7,4
BITS9206,8,98,No,6,7
BITS9207,1,85,Yes,6,9
BITS9208,8,74,No,9,7
BITS9209,7,93,Yes,7,8
BITS9210,1,67,No,8,0
BITS9211,6,94,Yes,9,2
BITS9212,1,75,Yes,9,5
BITS9213,2,70,Yes,9,3
BITS9214,5,72,No,4,7
BITS9215,2,62,No,4,9
BITS9216,1,99,Yes,5,0
BITS9217,6,80,No,8,4
BITS9218,8,56,Yes,6,3
BITS9219,8,85,No,6,0
BITS9220,8,88,Yes,5,9
BITS9221,6,40,No,6,5
BITS9222,3,81,No,9,9
BITS9223,1,62,No,5,2
BITS9224,2,87,No,5,4
BITS9225,5,66,No,7,5
BITS9226,5,64,Yes,4,3
BITS9227,1,71,No,8,9
BITS9228,1,58,No,8,9
BITS9229,9,63,No,4,5
BITS9230,2,96,No,9,6
BITS9231,7,42,Yes,8,1
BITS9232,4,99,No,6,6
BITS9233,7,51,No,6,6
BITS9234,8,74,Yes,8,1
BITS9235,5,54,Yes,7,2
BITS9236,1,56,No,8,2
BITS9237,4,89,Yes,5,0
BITS9238,3,71,No,9,0
BITS9239,5,,No,5,9
BITS9240,6,58,Yes,4,5
BITS9241,2,46,No,9,8
BITS9242,7,44,Yes,9,8
BITS9243,3,97,Yes,6,0
BITS9244,1,79,No,9,6
BITS9245,3,60,No,7,5
BITS9246,9,87,Yes,8,3
BITS9247,6,87,No,5,2
BITS9248,6,90,Yes,6,8
BITS9249,4,96,Yes,6,9
BITS9250,8,86,Yes,7,4
BITS9251,5,46,Yes,7,7
BITS9252,7,76,No,7,3
BITS9253,9,62,No,7,3
BITS9254,5,50,No,5,5
BITS9255,5,49,No,7,5
BITS9256,4,96,No,6,2
BITS9257,6,60,No,6,1
BITS9258,2,94,Yes,9,8
BITS9259,3,98,No,8,1
BITS9260,1,80,Yes,6,8
BITS9261,2,72,Yes,6,7
BITS9262,2,59,Yes,5,9
BITS9263,8,72,No,9,6
BITS9264,8,79,Yes,6,4
BITS9265,2,74,No,4,2
BITS9266,6,73,Yes,6,1
BITS9267,5,75,No,8,7
BITS9268,3,66,No,8,1
BITS9269,5,58,No,9,7
BITS9270,5,82,No,9,4
BITS9271,5,44,No,7,8
BITS9272,3,68,Yes,5,3
BITS9273,3,95,No,8,7
BITS9274,4,49,No,4,6
BITS9275,7,95,Yes,4,7
BITS9276,2,98,No,7,4
BITS9277,4,94,No,5,1
BITS9278,4,79,No,5,6
BITS9279,1,52,No,9,2
BITS9280,8,68,No,6,9
BITS9281,1,44,Yes,4,9
BITS9282,8,97,No,4,9
BITS9283,7,97,Yes,4,9
BITS9284,9,98,No,4,1
BITS9285,8,51,Yes,8,2
BITS9286,5,98,Yes,5,3
BITS9287,8,52,Yes,6,9
BITS9288,3,61,No,8,6
BITS9289,7,79,No,5,9
BITS9290,4,54,Yes,7,0
BITS9291,5,52,No,4,5
BITS9292,9,40,No,6,5
BITS9293,7,93,Yes,5,7
BITS9294,4,77,No,7,1
BITS9295,6,82,Yes,4,1
BITS9296,7,84,No,7,0
BITS9297,9,92,Yes,7,2
BITS9298,4,91,No,8,6
BITS9299,3,40,No,7,7
BITS9300,8,50,Yes,8,6
BITS9301,1,97,Yes,9,8
BITS9302,9,82,No,8,7
BITS9303,1,79,Yes,7,7
BITS9304,2,61,Yes,5,1
BITS9305,8,74,Yes,7,0
BITS9306,9,99,Yes,7,5
BITS9307,7,90,Yes,5,6
BITS9308,3,83,No,4,5
BITS9309,7,45,Yes,6,6
BITS9310,6,67,Yes,9,7
BITS9311,2,70,Yes,4,1
BITS9312,3,94,Yes,7,0
BITS9313,5,47,No,4,9
BITS9314,4,44,Yes,6,7
BITS9315,2,81,No,4,7
BITS9316,4,93,No,6,7
BITS9317,8,87,Yes,4,9
BITS9318,,83,Yes,8,6
BITS9319,5,56,No,7,1
BITS9320,3,77,No,6,3
BITS9321,8,48,No,9,8
BITS9322,6,49,Yes,7,7
BITS9323,2,59,No,8,3
BITS9324,2,53,Yes,4,7
BITS9325,9,53,No,7,9
BITS9326,7,65,No,4,5
BITS9327,9,68,Yes,4,8
BITS9328,6,88,Yes,7,0
BITS9329,5,66,No,6,5
BITS9330,1,64,Yes,6,3
BITS9331,6,55,Yes,7,2
BITS9332,6,75,No,6,4
BITS9333,3,73,Yes,5,9
BITS9334,3,55,Yes,4,7
BITS9335,3,72,No,7,9
BITS9336,3,42,No,9,5
BITS9337,7,62,Yes,8,0
BITS9338,2,50,Yes,7,5
BITS9339,2,87,Yes,7,6
BITS9340,3,97,No,4,5
BITS9341,7,57,No,8,2
BITS9342,3,86,Yes,4,8
BITS9343,7,80,Yes,9,9
BITS9344,9,83,Yes,6,9
BITS9345,4,68,No,7,3
BITS9346,7,98,No,4,4
BITS9347,9,89,Yes,9,4
BITS9348,8,44,Yes,9,2
BITS9349,8,63,Yes,5,1
BITS9350,9,68,Yes,7,7
BITS9351,5,68,No,9,6
BITS9352,5,99,Yes,6,4
BITS9353,3,65,Yes,4,0
BITS9354,5,79,No,4,9
BITS9355,8,42,Yes,5,0
BITS9356,5,41,Yes,6,7
BITS9357,4,64,Yes,9,3
BITS9358,8,58,Yes,5,3
BITS9359,7,79,Yes,9,8
BITS9360,6,41,Yes,9,1
BITS9361,5,58,No,7,4
BITS9362,5,40,Yes,8,5
BITS9363,2,66,No,9,5
BITS9364,4,93,No,4,9
BITS9365,8,84,No,9,2
BITS9366,8,94,No,5,9
BITS9367,1,91,Yes,9,5
BITS9368,2,88,Yes,4,9
BITS9369,5,74,Yes,4,9
BITS9370,9,80,Yes,5,4
BITS9371,7,44,No,4,7
BITS9372,5,77,No,6,3
BITS9373,1,43,No,6,9
BITS9374,6,56,Yes,8,9
BITS9375,8,92,No,6,2
BITS9376,7,60,Yes,5,5
BITS9377,2,92,No,9,9
BITS9378,5,87,Yes,6,8
BITS9379,4,70,No,8,7
BITS9380,9,87,No,7,9
BITS9381,1,61,Yes,7,7
BITS9382,6,50,No,5,2
BITS9383,3,73,No,8,0
BITS9384,9,88,Yes,6,2
BITS9385,5,54,No,8,2
BITS9386,6,89,No,4,5
BITS9387,9,49,No,8,2
BITS9388,9,77,No,6,1
BITS9389,8,71,Yes,5,8
BITS9390,9,92,Yes,4,5
BITS9391,4,87,No,8,4
BITS9392,6,70,Yes,7,2
BITS9393,5,76,No,6,6
BITS9394,5,83,Yes,5,6
BITS9395,4,67,No,9,3
BITS9396,2,70,No,6,9
BITS9397,6,45,Yes,8,1
BITS9398,9,53,No,5,1
BITS9399,1,97,No,7,7
BITS9400,7,62,No,4,3
BITS9401,6,55,No,8,6
BITS9402,3,64,Yes,5,2
BITS9403,1,78,Yes,4,8
BITS9404,4,41,Yes,5,9
BITS9405,9,77,Yes,9,8
BITS9406,2,80,No,8,6
BITS9407,3,78,No,5,6
BITS9408,2,73,No,7,0
BITS9409,2,90,No,5,9
BITS9410,8,79,Yes,8,7
BITS9411,3,82,Yes,5,1
BITS9412,7,64,Yes,4,7
BITS9413,8,75,No,4,1
BITS9414,3,55,No,9,0
BITS9415,2,96,No,6,7
BITS9416,8,57,No,9,3
BITS9417,3,52,Yes,6,9
BITS9418,7,98,Yes,7,5
BITS9419,1,76,Yes,4,9
BITS9420,6,66,No,6,9
BITS9421,9,73,Yes,5,0
BITS9422,3,50,No,7,8
BITS9423,7,40,Yes,8,6
BITS9424,6,52,Yes,6,4
BITS9425,8,69,No,9,5
BITS9426,3,44,No,6,2
BITS9427,3,57,No,9,8
BITS9428,4,53,Yes,9,1
BITS9429,3,52,Yes,4,9
BITS9430,9,71,Yes,7,0
BITS9431,4,46,Yes,9,0
BITS9432,6,47,No,4,9
BITS9433,8,89,Yes,4,1
BITS9434,8,46,No,9,5
BITS9435,5,91,Yes,7,5
BITS9436,5,88,No,5,8
BITS9437,6,55,No,6,9
BITS9438,7,82,Yes,4,3
BITS9439,7,70,Yes,6,7
BITS9440,4,90,No,7,3
BITS9441,6,66,Yes,5,2
BITS9442,7,99,No,8,3
BITS9443,5,72,Yes,5,0
BITS9444,5,92,Yes,7,8
BITS9445,2,68,Yes,5,4
BITS9446,7,47,Yes,8,6
BITS9447,6,72,Yes,4,2
BITS9448,1,80,No,5,4
BITS9449,4,58,Yes,9,9
BITS9450,3,60,No,9,3
BITS9451,3,80,No,7,6
BITS9452,7,60,No,5,4
BITS9453,4,64,Yes,8,1
BITS9454,8,81,No,7,2
BITS9455,9,95,No,5,7
BITS9456,3,62,No,7,2
BITS9457,5,50,No,9,6
BITS9458,4,72,No,8,4
BITS9459,6,59,No,4,6
BITS9460,4,64,Yes,8,9
BITS9461,8,65,No,4,8
BITS9462,3,79,No,6,6
BITS9463,5,91,Yes,9,5
BITS9464,1,51,No,9,0
BITS9465,6,71,Yes,9,3
BITS9466,5,72,Yes,8,7
BITS9467,8,49,No,4,0
BITS9468,9,43,No,6,5
BITS9469,8,54,Yes,6,1
BITS9470,8,90,Yes,6,8
BITS9471,3,45,Yes,7,7
BITS9472,4,66,Yes,8,8
BITS9473,4,44,No,8,8
BITS9474,5,44,Yes,9,1
BITS9475,9,57,Yes,8,1
BITS9476,9,67,Yes,8,8
BITS9477,1,74,No,7,1
BITS9478,8,98,Yes,8,3
BITS9479,1,61,Yes,4,1
BITS9480,2,73,No,6,0
BITS9481,7,43,No,7,9
BITS9482,8,57,Yes,7,6
BITS9483,1,80,Yes,9,4
BITS9484,3,90,Yes,8,2
BITS9485,7,65,No,6,7
BITS9486,9,81,,4,4
BITS9487,8,61,Yes,6,0
BITS9488,8,86,Yes,5,8
BITS9489,9,72,Yes,6,4
BITS9490,3,82,No,4,2
BITS9491,8,53,Yes,4,5
BITS9492,1,70,Yes,4,7
BITS9493,8,49,No,7,1
BITS9494,7,90,Yes,7,2
BITS9495,8,63,No,5,6
BITS9496,1,60,No,6,1
BITS9497,6,87,Yes,8,4
BITS9498,7,47,No,9,8
BITS9499,5,71,No,5,6
BITS9500,5,70,Yes,8,2
BITS9501,7,73,No,8,1
BITS9502,3,62,No,5,9
BITS9503,6,64,Yes,6,8
BITS9504,7,46,Yes,9,8
BITS9505,1,58,Yes,8,8
BITS9506,2,46,Yes,7,9
BITS9507,4,86,Yes,7,2
BITS9508,8,47,No,5,0
BITS9509,6,53,No,9,8
BITS9510,1,40,No,9,6
BITS9511,5,52,No,8,1
BITS9512,7,42,No,5,5
BITS9513,6,92,Yes,9,8
BITS9514,9,67,Yes,9,7
BITS9515,8,77,Yes,7,5
BITS9516,4,90,Yes,5,5
BITS9517,5,54,No,8,7
BITS9518,7,75,Yes,8,8
BITS9519,8,92,Yes,7,7
BITS9520,5,42,No,4,0
BITS9521,9,43,No,4,1
BITS9522,4,44,Yes,9,5
BITS9523,4,89,No,6,7
BITS9524,8,65,No,7,3
BITS9525,1,64,Yes,6,3
BITS9526,8,49,No,9,1
BITS9527,5,47,Yes,7,9
BITS9528,1,51,No,8,0
BITS9529,4,93,No,7,9
BITS9530,2,97,No,5,8
BITS9531,4,98,No,6,6
BITS9532,8,42,Yes,7,8
BITS9533,5,66,No,6,1
BITS9534,1,89,Yes,9,9
BITS9535,7,62,Yes,7,4
BITS9536,1,79,No,4,1
BITS9537,9,97,No,6,9
BITS9538,3,72,Yes,8,6
BITS9539,3,53,No,8,8
BITS9540,6,93,No,7,2
BITS9541,6,62,Yes,8,0
BITS9542,6,70,No,8,3
BITS9543,1,52,Yes,6,3
BITS9544,5,96,No,7,5
BITS9545,6,51,No,6,4
BITS9546,8,74,No,7,4
BITS9547,1,57,No,8,8
BITS9548,5,60,No,7,0
BITS9549,3,84,No,9,7
BITS9550,2,86,Yes,7,7
BITS9551,8,81,Yes,5,7
BITS9552,7,40,No,7,2
BITS9553,7,77,No,5,9
BITS9554,5,80,Yes,6,7
BITS9555,9,81,Yes,5,1
BITS9556,5,86,Yes,6,7
BITS9557,2,48,No,7,7
BITS9558,3,62,No,6,2
BITS9559,4,53,No,8,3
BITS9560,5,50,Yes,9,8
BITS9561,3,46,Yes,7,8
BITS9562,7,70,No,5,9
BITS9563,5,63,Yes,9,8
BITS9564,5,65,No,4,9
BITS9565,6,69,No,9,5
BITS9566,7,73,Yes,7,0
BITS9567,8,85,No,9,7
BITS9568,9,77,Yes,9,8
BITS9569,4,44,Yes,8,7
BITS9570,5,44,No,6,0
BITS9571,5,58,No,9,5
BITS9572,8,90,Yes,5,8
BITS9573,9,77,No,5,8
BITS9574,7,67,Yes,8,6
BITS9575,5,65,No,9,6
BITS9576,3,81,Yes,9,3
BITS9577,1,62,Yes,8,6
BITS9578,9,85,No,7,9
BITS9579,5,88,No,4,4
BITS9580,9,69,Yes,4,9
BITS9581,4,42,Yes,6,4
BITS9582,5,67,Yes,5,0
BITS9583,4,72,Yes,7,1
BITS9584,2,81,No,5,8
BITS9585,1,42,No,7,1
BITS9586,8,44,No,8,9
BITS9587,4,96,Yes,6,1
BITS9588,5,58,No,8,8
BITS9589,6,81,Yes,5,2
BITS9590,8,97,Yes,6,1
BITS9591,8,96,No,9,6
BITS9592,7,87,No,7,8
BITS9593,4,40,Yes,7,5
BITS9594,6,77,Yes,6,6
BITS9595,4,48,No,8,2
BITS9596,7,99,Yes,6,2
BITS9597,1,44,No,8,7
BITS9598,5,98,No,6,6
BITS9599,4,85,Yes,8,4
BITS9600,7,81,Yes,4,5
BITS9601,9,73,Yes,6,8
BITS9602,5,76,Yes,8,2
BITS9603,4,72,Yes,9,2
BITS9604,9,64,No,5,5
BITS9605,5,81,No,5,7
BITS9606,9,68,No,6,4
BITS9607,8,97,No,6,0
BITS9608,4,64,Yes,7,2
BITS9609,7,93,No,8,7
BITS9610,5,98,Yes,6,3
BITS9611,4,48,Yes,5,8
BITS9612,5,42,Yes,5,5
BITS9613,5,54,Yes,5,9
BITS9614,9,43,Yes,8,3
BITS9615,9,84,No,4,3
BITS9616,6,77,Yes,6,9
BITS9617,4,59,Yes,4,4
BITS9618,2,88,No,8,6
BITS9619,3,62,No,9,6
BITS9620,2,76,No,6,9
BITS9621,5,86,Yes,7,6
BITS9622,6,47,Yes,6,4
BITS9623,5,96,Yes,6,8
BITS9624,2,76,Yes,6,1
BITS9625,5,95,No,6,7
BITS9626,9,84,No,9,9
BITS9627,4,72,No,6,7
BITS9628,2,72,No,8,2
BITS9629,3,46,No,6,4
BITS9630,3,61,No,9,7
BITS9631,9,44,Yes,8,9
BITS9632,4,85,Yes,6,8
BITS9633,1,54,No,6,6
BITS9634,1,60,No,8,3
BITS9635,7,64,No,6,3
BITS9636,7,56,No,9,2
BITS9637,2,95,Yes,5,7
BITS9638,9,89,Yes,6,5
BITS9639,9,46,Yes,7,9
BITS9640,5,93,No,8,5
BITS9641,3,97,No,9,9
BITS9642,3,89,No,6,9
BITS9643,3,99,Yes,6,8
BITS9644,6,58,Yes,8,2
BITS9645,4,91,Yes,4,3
BITS9646,8,46,No,9,2
BITS9647,5,79,Yes,9,2
BITS9648,1,84,Yes,5,0
BITS9649,9,98,No,5,9
BITS9650,1,89,Yes,6,5
BITS9651,6,63,No,8,8
BITS9652,1,50,No,7,4
BITS9653,3,80,No,6,9
BITS9654,5,94,Yes,5,1
BITS9655,7,40,Yes,6,9
BITS9656,8,93,No,,3
BITS9657,9,71,Yes,9,5
BITS9658,6,79,No,9,6
BITS9659,9,92,Yes,9,6
BITS9660,8,83,No,9,3
BITS9661,9,41,No,7,9
BITS9662,4,54,Yes,4,9
BITS9663,9,60,No,7,4
BITS9664,7,63,No,6,3
BITS9665,5,89,No,5,9
BITS9666,5,56,No,8,5
BITS9667,1,86,No,6,6
BITS9668,2,91,Yes,4,1
BITS9669,3,91,Yes,8,9
BITS9670,8,48,No,8,2
BITS9671,6,74,Yes,8,7
BITS9672,5,59,No,6,6
BITS9673,1,58,No,4,0
BITS9674,9,57,No,6,3
BITS9675,3,59,No,8,4
BITS9676,3,69,No,8,2
BITS9677,2,79,Yes,5,3
BITS9678,4,40,Yes,7,9
BITS9679,2,63,Yes,6,9
BITS9680,9,63,Yes,4,9
BITS9681,7,86,Yes,8,6
BITS9682,8,58,Yes,6,7
BITS9683,3,69,No,7,8
BITS9684,6,65,Yes,6,1
BITS9685,6,81,No,7,3
BITS9686,1,83,No,6,0
BITS9687,6,99,Yes,5,2
BITS9688,3,77,Yes,6,7
BITS9689,3,68,No,9,6
BITS9690,3,52,No,5,7
BITS9691,8,43,No,7,5
BITS9692,5,84,No,8,4
BITS9693,4,56,No,8,9
BITS9694,9,72,Yes,6,8
BITS9695,9,44,Yes,4,4
BITS9696,1,67,No,6,8
BITS9697,2,63,No,5,3
BITS9698,8,56,No,5,4
BITS9699,5,89,No,7,0
BITS9700,7,78,No,6,5
BITS9701,1,87,No,7,2
BITS9702,5,79,No,4,9
BITS9703,3,83,No,8,1
BITS9704,2,85,Yes,8,5
BITS9705,2,90,No,6,0
BITS9706,9,50,No,7,8
BITS9707,4,51,Yes,7,4
BITS9708,4,52,No,4,6
BITS9709,7,47,No,7,9
BITS9710,2,40,No,9,8
BITS9711,3,48,No,9,8
BITS9712,3,67,Yes,5,6
BITS9713,6,41,No,9,3
BITS9714,3,53,No,9,3
BITS9715,5,52,No,5,6
BITS9716,4,87,Yes,9,7
BITS9717,3,41,No,9,6
BITS9718,8,43,No,5,9
BITS9719,3,51,Yes,6,3
BITS9720,6,87,Yes,5,3
BITS9721,7,49,Yes,5,7
BITS9722,7,42,Yes,9,8
BITS9723,2,43,No,8,6
BITS9724,3,45,Yes,9,2
BITS9725,4,62,Yes,6,9
BITS9726,7,44,Yes,5,0
BITS9727,2,89,No,4,4
BITS9728,3,42,Yes,5,5
BITS9729,7,49,No,6,8
BITS9730,7,82,No,7,4
BITS9731,3,58,Yes,9,0
BITS9732,1,53,No,8,3
BITS9733,3,60,Yes,8,1
BITS9734,5,99,Yes,9,3
BITS9735,7,82,No,9,6
BITS9736,4,67,No,6,8
BITS9737,1,60,No,5,2
BITS9738,6,75,No,4,2
BITS9739,2,63,Yes,5,3
BITS9740,3,93,No,5,6
BITS9741,4,77,No,4,5
BITS9742,6,56,No,8,4
BITS9743,6,61,No,5,3
BITS9744,7,58,Yes,7,7
BITS9745,5,84,Yes,7,3
BITS9746,7,93,No,6,2
BITS9747,2,49,No,6,6
BITS9748,1,50,Yes,4,1
BITS9749,8,77,Yes,4,3
BITS9750,1,41,Yes,6,7
BITS9751,2,72,Yes,9,3
BITS9752,6,82,No,5,9
BITS9753,1,70,No,9,6
BITS9754,3,87,,8,1
BITS9755,7,74,Yes,7,4
BITS9756,8,76,No,4,3
BITS9757,4,86,No,6,8
BITS9758,3,86,Yes,7,6
BITS9759,1,75,No,9,8
BITS9760,9,62,Yes,4,9
BITS9761,6,75,No,4,6
BITS9762,6,79,No,5,1
BITS9763,9,78,Yes,4,1
BITS9764,1,65,No,8,1
BITS9765,6,64,Yes,4,4
BITS9766,5,56,No,8,0
BITS9767,6,54,Yes,9,6
BITS9768,8,76,Yes,5,1
BITS9769,5,84,Yes,8,3
BITS9770,2,43,No,9,8
BITS9771,2,61,Yes,7,7
BITS9772,5,56,Yes,4,9
BITS9773,3,61,No,6,1
BITS9774,3,56,No,6,3
BITS9775,8,53,Yes,8,3
BITS9776,7,53,Yes,5,1
BITS9777,1,56,No,8,1
BITS9778,5,47,No,9,4
BITS9779,9,73,No,9,3
BITS9780,4,65,Yes,8,7
BITS9781,1,84,No,8,3
BITS9782,8,69,Yes,7,7
BITS9783,5,61,Yes,9,4
BITS9784,2,55,Yes,7,0
BITS9785,1,69,No,8,8
BITS9786,3,55,No,5,7
BITS9787,9,77,No,4,0
BITS9788,1,93,Yes,9,2
BITS9789,4,63,Yes,6,2
BITS9790,8,75,No,7,4
BITS9791,8,74,No,9,6
BITS9792,8,45,Yes,4,0
BITS9793,8,43,Yes,7,0
BITS9794,4,57,Yes,9,9
BITS9795,8,45,Yes,7,5
BITS9796,9,65,No,7,4
BITS9797,7,76,Yes,8,2
BITS9798,2,66,Yes,8,2
BITS9799,9,80,No,7,3
BITS9800,8,50,No,7,9
BITS9801,5,77,No,6,1
BITS9802,3,55,No,4,8
BITS9803,7,58,Yes,4,3
BITS9804,2,82,Yes,5,9
BITS9805,3,92,Yes,5,2
BITS9806,9,54,Yes,5,9
BITS9807,4,65,Yes,8,6
BITS9808,4,95,No,8,8
BITS9809,3,80,No,6,1
BITS9810,5,95,Yes,8,5
BITS9811,3,70,No,5,4
BITS9812,9,58,Yes,9,0
BITS9813,3,96,Yes,7,6
BITS9814,2,90,Yes,5,0
BITS9815,5,63,Yes,6,9
BITS9816,6,97,Yes,7,8
BITS9817,1,48,No,8,3
BITS9818,6,62,No,7,7
BITS9819,3,43,Yes,9,0
BITS9820,4,49,Yes,6,4
BITS9821,6,48,No,8,2
BITS9822,8,58,Yes,4,3
BITS9823,9,54,Yes,5,3
BITS9824,6,90,Yes,9,7
BITS9825,7,73,No,9,9
BITS9826,5,81,Yes,5,9
BITS9827,9,58,Yes,6,2
BITS9828,4,88,No,6,0
BITS9829,6,91,Yes,9,4
BITS9830,5,95,Yes,5,1
BITS9831,1,60,No,7,5
BITS9832,5,73,No,4,3
BITS9833,5,90,Yes,4,8
BITS9834,9,56,No,6,6
BITS9835,1,57,Yes,6,1
BITS9836,5,56,Yes,7,6
BITS9837,7,41,No,6,9
BITS9838,6,90,Yes,4,7
BITS9839,6,40,No,5,2
BITS9840,7,82,No,9,2
BITS9841,6,96,No,4,1
BITS9842,5,49,Yes,7,0
BITS9843,5,76,No,5,2
BITS9844,9,87,Yes,5,9
BITS9845,8,95,No,9,6
BITS9846,4,44,No,4,8
BITS9847,4,95,Yes,5,8
BITS9848,5,94,Yes,5,5
BITS9849,3,51,No,6,5
BITS9850,8,75,Yes,5,4
BITS9851,7,70,Yes,7,1
BITS9852,5,94,No,5,6
BITS9853,3,77,No,6,0
BITS9854,5,90,Yes,8,5
BITS9855,3,48,No,8,3
BITS9856,5,83,No,7,2
BITS9857,1,65,No,9,0
BITS9858,6,54,Yes,9,5
BITS9859,4,55,Yes,7,6
BITS9860,4,52,Yes,5,0
BITS9861,8,64,No,5,0
BITS9862,2,69,Yes,8,6
BITS9863,4,92,No,8,5
BITS9864,2,95,No,4,6
BITS9865,1,46,No,8,7
BITS9866,3,96,No,8,7
BITS9867,8,94,Yes,7,8
BITS9868,6,91,No,4,8
BITS9869,7,43,No,9,6
BITS9870,2,82,Yes,4,8
BITS9871,6,79,No,5,5
BITS9872,8,77,Yes,5,8
BITS9873,8,96,Yes,4,1
BITS9874,4,69,Yes,4,1
BITS9875,6,49,No,5,5
BITS9876,5,69,Yes,7,2
BITS9877,9,78,No,7,1
BITS9878,8,46,Yes,7,7
BITS9879,2,75,Yes,7,6
BITS9880,7,74,Yes,5,7
BITS9881,7,63,Yes,6,5
BITS9882,1,78,No,8,8
BITS9883,1,75,No,8,8
BITS9884,4,84,Yes,8,1
BITS9885,5,59,Yes,8,9
BITS9886,4,88,Yes,5,4
BITS9887,7,71,No,6,8
BITS9888,3,98,Yes,5,2
BITS9889,7,78,Yes,6,4
BITS9890,8,88,No,5,7
BITS9891,6,65,Yes,4,1
BITS9892,6,65,Yes,6,5
BITS9893,8,75,Yes,8,3
BITS9894,8,82,Yes,6,5
BITS9895,7,74,No,9,2
BITS9896,6,82,No,7,5
BITS9897,6,74,No,6,
BITS9898,6,51,Yes,9,9
BITS9899,8,72,Yes,7,2
BITS9900,1,75,No,9,4
BITS9901,5,53,Yes,7,7
BITS9902,3,72,Yes,4,1
BITS9903,8,85,No,6,6
BITS9904,6,84,No,9,0
BITS9905,2,84,Yes,4,6
BITS9906,7,63,No,8,0
BITS9907,7,54,Yes,6,3
BITS9908,5,70,No,5,3
BITS9909,8,56,No,5,4
BITS9910,5,51,Yes,5,1
BITS9911,1,61,Yes,9,5
BITS9912,9,62,No,9,5
BITS9913,4,65,Yes,7,7
BITS9914,2,53,Yes,5,9
BITS9915,4,51,Yes,8,0
BITS9916,9,89,No,9,3
BITS9917,2,43,Yes,6,1
BITS9918,4,98,Yes,9,7
BITS9919,2,85,No,6,3
BITS9920,5,90,No,9,7
BITS9921,3,52,No,7,
BITS9922,2,96,No,7,3
BITS9923,9,94,Yes,7,8
BITS9924,5,57,Yes,8,4
BITS9925,5,82,No,9,5
BITS9926,1,67,No,6,9
BITS9927,6,77,Yes,9,8
BITS9928,7,80,Yes,4,8
BITS9929,1,83,No,7,6
BITS9930,9,58,Yes,5,1
BITS9931,8,85,Yes,,6
BITS9932,8,86,No,4,8
BITS9933,7,82,No,7,1
BITS9934,5,77,No,5,6
BITS9935,3,85,No,7,6
BITS9936,9,42,Yes,7,2
BITS9937,7,58,No,5,5
BITS9938,8,59,Yes,4,7
BITS9939,6,64,Yes,4,9
BITS9940,5,50,Yes,9,7
BITS9941,8,95,No,5,2
BITS9942,3,56,Yes,4,5
BITS9943,7,99,No,8,1
BITS9944,2,98,No,7,1
BITS9945,3,88,No,8,7
BITS9946,2,94,Yes,8,9
BITS9947,5,74,No,9,4
BITS9948,7,53,No,9,4
BITS9949,1,98,Yes,9,3
BITS9950,9,78,No,8,9
BITS9951,1,96,Yes,6,3
BITS9952,1,58,Yes,6,7
BITS9953,8,42,No,8,2
BITS9954,6,73,No,7,2
BITS9955,6,97,No,8,7
BITS9956,9,88,No,8,2
BITS9957,4,80,Yes,9,1
BITS9958,8,61,No,9,4
BITS9959,4,77,No,9,2
BITS9960,2,95,Yes,6,5
BITS9961,8,66,No,8,6
BITS9962,7,60,No,7,2
BITS9963,4,80,No,7,8
BITS9964,9,70,No,9,9
BITS9965,9,66,No,9,0
BITS9966,8,76,Yes,8,6
BITS9967,1,41,No,7,3
BITS9968,7,93,Yes,8,6
BITS9969,5,86,Yes,6,8
BITS9970,7,48,Yes,8,8
BITS9971,9,58,Yes,9,0
BITS9972,2,81,No,4,9
BITS9973,4,75,No,6,3
BITS9974,4,49,Yes,7,6
BITS9975,2,98,No,7,9
BITS9976,3,79,No,9,5
BITS9977,8,93,Yes,9,8
BITS9978,9,84,No,6,6
BITS9979,6,78,Yes,9,2
BITS9980,2,46,Yes,4,6
BITS9981,2,43,No,6,9
BITS9982,7,54,No,9,4
BITS9983,8,51,No,5,1
BITS9984,8,87,Yes,4,9
BITS9985,6,45,Yes,6,2
BITS9986,8,99,No,5,5
BITS9987,1,48,Yes,8,5
BITS9988,9,74,No,4,6
BITS9989,1,47,No,8,5
BITS9990,3,46,No,5,8
BITS9991,9,43,No,7,4
BITS9992,5,97,Yes,7,4
BITS9993,9,52,No,9,7
BITS9994,9,58,Yes,7,7
BITS9995,6,46,Yes,8,0
BITS9996,1,49,Yes,4,2
BITS9997,7,64,Yes,8,5
BITS9998,6,83,Yes,8,5
BITS9999,9,97,Yes,7,0
BITS10000,7,74,No,8,1
